date,component,horizon_days,revision,value_usd,p10,p50,p90,n_inputs,method_version
2026-09-17,L,30,1,3.6595,,,,35,1.0.0+4b8640d50d57
2026-09-17,L,91,1,3.747178,,,,31,1.0.0+4b8640d50d57
2026-09-17,L,182,1,3.747178,,,,29,1.0.0+4b8640d50d57
2026-09-17,L,365,1,3.747178,,,,29,1.0.0+4b8640d50d57
2026-09-17,M,30,1,,,,,0,1.0.0+4b8640d50d57
2026-09-17,M,91,1,,,,,0,1.0.0+4b8640d50d57
2026-09-17,M,182,1,,,,,0,1.0.0+4b8640d50d57
2026-09-17,M,365,1,,,,,0,1.0.0+4b8640d50d57
2026-09-17,T,30,1,,,,,0,1.0.0+4b8640d50d57
2026-09-17,T,91,1,,,,,0,1.0.0+4b8640d50d57
2026-09-17,T,182,1,,,,,0,1.0.0+4b8640d50d57
2026-09-17,T,365,1,,,,,0,1.0.0+4b8640d50d57
2026-09-18,L,30,1,111.96684,,,,33,1.0.0+4b8640d50d57
2026-09-18,L,91,1,36.912145,,,,33,1.0.0+4b8640d50d57
2026-09-18,L,182,1,18.456073,,,,33,1.0.0+4b8640d50d57
2026-09-18,L,365,1,9.202754,,,,33,1.0.0+4b8640d50d57
2026-09-18,M,30,1,,,,,0,1.0.0+4b8640d50d57
2026-09-18,M,91,1,,,,,0,1.0.0+4b8640d50d57
2026-09-18,M,182,1,,,,,0,1.0.0+4b8640d50d57
2026-09-18,M,365,1,,,,,0,1.0.0+4b8640d50d57
2026-09-18,T,30,1,,,,,0,1.0.0+4b8640d50d57
2026-09-18,T,91,1,,,,,0,1.0.0+4b8640d50d57
2026-09-18,T,182,1,,,,,0,1.0.0+4b8640d50d57
2026-09-18,T,365,1,,,,,0,1.0.0+4b8640d50d57
2026-09-19,L,30,1,3.141904,,,,37,1.0.0+4b8640d50d57
2026-09-19,L,91,1,3.589022,,,,35,1.0.0+4b8640d50d57
2026-09-19,L,182,1,3.589022,,,,34,1.0.0+4b8640d50d57
2026-09-19,L,365,1,3.589022,,,,34,1.0.0+4b8640d50d57
2026-09-19,M,30,1,,,,,0,1.0.0+4b8640d50d57
2026-09-19,M,91,1,,,,,0,1.0.0+4b8640d50d57
2026-09-19,M,182,1,,,,,0,1.0.0+4b8640d50d57
2026-09-19,M,365,1,,,,,0,1.0.0+4b8640d50d57
2026-09-19,T,30,1,,,,,0,1.0.0+4b8640d50d57
2026-09-19,T,91,1,,,,,0,1.0.0+4b8640d50d57
2026-09-19,T,182,1,,,,,0,1.0.0+4b8640d50d57
2026-09-19,T,365,1,,,,,0,1.0.0+4b8640d50d57
2026-09-20,L,30,1,3.217022,,,,34,1.0.0+4b8640d50d57
2026-09-20,L,91,1,3.217022,,,,34,1.0.0+4b8640d50d57
2026-09-20,L,182,1,3.217022,,,,34,1.0.0+4b8640d50d57
2026-09-20,L,365,1,3.217022,,,,34,1.0.0+4b8640d50d57
2026-09-20,M,30,1,3.497907,3.466958,3.497823,3.528964,42,1.0.0+4b8640d50d57
2026-09-20,M,91,1,3.50137,3.468839,3.501277,3.534019,42,1.0.0+4b8640d50d57
2026-09-20,M,182,1,3.502221,3.465212,3.502102,3.539385,42,1.0.0+4b8640d50d57
2026-09-20,M,365,1,3.502648,3.457468,3.50247,3.548058,42,1.0.0+4b8640d50d57
2026-09-20,T,30,1,,,,,0,1.0.0+4b8640d50d57
2026-09-20,T,91,1,,,,,1,1.0.0+4b8640d50d57
2026-09-20,T,182,1,,,,,1,1.0.0+4b8640d50d57
2026-09-20,T,365,1,,,,,1,1.0.0+4b8640d50d57
2026-09-21,L,30,1,111.96684,,,,33,1.0.0+4b8640d50d57
2026-09-21,L,91,1,36.912145,,,,33,1.0.0+4b8640d50d57
2026-09-21,L,182,1,18.456073,,,,33,1.0.0+4b8640d50d57
2026-09-21,L,365,1,9.202754,,,,33,1.0.0+4b8640d50d57
2026-09-21,M,30,1,3.575499,3.457449,3.574296,3.695093,18,1.0.0+4b8640d50d57
2026-09-21,M,91,1,3.575499,3.382611,3.572261,3.772544,18,1.0.0+4b8640d50d57
2026-09-21,M,182,1,3.575499,3.308017,3.569217,3.851042,18,1.0.0+4b8640d50d57
2026-09-21,M,365,1,3.575499,3.202144,3.563102,3.964748,18,1.0.0+4b8640d50d57
2026-09-21,T,30,1,,,,,0,1.0.0+4b8640d50d57
2026-09-21,T,91,1,,,,,1,1.0.0+4b8640d50d57
2026-09-21,T,182,1,,,,,1,1.0.0+4b8640d50d57
2026-09-21,T,365,1,,,,,1,1.0.0+4b8640d50d57
2026-09-22,L,30,1,111.96684,,,,33,1.0.0+4b8640d50d57
2026-09-22,L,91,1,36.912145,,,,33,1.0.0+4b8640d50d57
2026-09-22,L,182,1,18.456073,,,,33,1.0.0+4b8640d50d57
2026-09-22,L,365,1,9.202754,,,,33,1.0.0+4b8640d50d57
2026-09-22,M,30,1,3.522402,3.473929,3.522198,3.571137,20,1.0.0+4b8640d50d57
2026-09-22,M,91,1,3.522402,3.455218,3.522009,3.590091,20,1.0.0+4b8640d50d57
2026-09-22,M,182,1,3.522402,3.433475,3.521712,3.612216,20,1.0.0+4b8640d50d57
2026-09-22,M,365,1,3.522402,3.400939,3.521109,3.645526,20,1.0.0+4b8640d50d57
2026-09-22,T,30,1,,,,,0,1.0.0+4b8640d50d57
2026-09-22,T,91,1,,,,,1,1.0.0+4b8640d50d57
2026-09-22,T,182,1,,,,,1,1.0.0+4b8640d50d57
2026-09-22,T,365,1,,,,,1,1.0.0+4b8640d50d57
2026-09-23,L,30,1,111.96684,,,,33,1.0.0+4b8640d50d57
2026-09-23,L,91,1,36.912145,,,,33,1.0.0+4b8640d50d57
2026-09-23,L,182,1,18.456073,,,,33,1.0.0+4b8640d50d57
2026-09-23,L,365,1,9.202754,,,,33,1.0.0+4b8640d50d57
2026-09-23,M,30,1,3.514012,3.485779,3.513943,3.542333,22,1.0.0+4b8640d50d57
2026-09-23,M,91,1,3.514012,3.48835,3.513955,3.539747,22,1.0.0+4b8640d50d57
2026-09-23,M,182,1,3.514012,3.488921,3.513957,3.539173,22,1.0.0+4b8640d50d57
2026-09-23,M,365,1,3.514012,3.489026,3.513958,3.539067,22,1.0.0+4b8640d50d57
2026-09-23,T,30,1,,,,,0,1.0.0+4b8640d50d57
2026-09-23,T,91,1,,,,,1,1.0.0+4b8640d50d57
2026-09-23,T,182,1,,,,,1,1.0.0+4b8640d50d57
2026-09-23,T,365,1,,,,,1,1.0.0+4b8640d50d57
2026-09-24,L,30,1,111.96684,,,,33,1.0.0+4b8640d50d57
2026-09-24,L,91,1,36.912145,,,,33,1.0.0+4b8640d50d57
2026-09-24,L,182,1,18.456073,,,,33,1.0.0+4b8640d50d57
2026-09-24,L,365,1,9.202754,,,,33,1.0.0+4b8640d50d57
2026-09-24,M,30,1,3.589615,3.463536,3.588247,3.71745,24,1.0.0+4b8640d50d57
2026-09-24,M,91,1,3.589615,3.391752,3.586219,3.791836,24,1.0.0+4b8640d50d57
2026-09-24,M,182,1,3.589615,3.318144,3.583168,3.869359,24,1.0.0+4b8640d50d57
2026-09-24,M,365,1,3.589615,3.212752,3.57703,3.982612,24,1.0.0+4b8640d50d57
2026-09-24,T,30,1,,,,,0,1.0.0+4b8640d50d57
2026-09-24,T,91,1,,,,,1,1.0.0+4b8640d50d57
2026-09-24,T,182,1,,,,,1,1.0.0+4b8640d50d57
2026-09-24,T,365,1,,,,,1,1.0.0+4b8640d50d57
2026-09-25,L,30,1,6.206382,,,,36,1.0.0+4b8640d50d57
2026-09-25,L,91,1,2.04606,,,,36,1.0.0+4b8640d50d57
2026-09-25,L,182,1,1.93239,,,,35,1.0.0+4b8640d50d57
2026-09-25,L,365,1,1.830087,,,,34,1.0.0+4b8640d50d57
2026-09-25,M,30,1,3.684074,3.465492,3.68003,3.907849,52,1.0.0+4b8640d50d57
2026-09-25,M,91,1,3.684141,3.33122,3.673432,4.050799,52,1.0.0+4b8640d50d57
2026-09-25,M,182,1,3.684158,3.198549,3.663551,4.196155,52,1.0.0+4b8640d50d57
2026-09-25,M,365,1,3.684166,3.012109,3.643742,4.407826,52,1.0.0+4b8640d50d57
2026-09-25,T,30,1,,,,,0,1.0.0+4b8640d50d57
2026-09-25,T,91,1,,,,,1,1.0.0+4b8640d50d57
2026-09-25,T,182,1,,,,,1,1.0.0+4b8640d50d57
2026-09-25,T,365,1,,,,,1,1.0.0+4b8640d50d57
2026-09-26,L,30,1,6.226038,,,,36,1.0.0+4b8640d50d57
2026-09-26,L,91,1,2.05254,,,,36,1.0.0+4b8640d50d57
2026-09-26,L,182,1,1.93851,,,,35,1.0.0+4b8640d50d57
2026-09-26,L,365,1,1.835883,,,,34,1.0.0+4b8640d50d57
2026-09-26,M,30,1,3.606842,3.452339,3.604792,3.763978,56,1.0.0+4b8640d50d57
2026-09-26,M,91,1,3.61115,3.353773,3.6054,3.875906,56,1.0.0+4b8640d50d57
2026-09-26,M,182,1,3.612209,3.254722,3.600986,3.984089,56,1.0.0+4b8640d50d57
2026-09-26,M,365,1,3.61274,3.114374,3.590545,4.13952,56,1.0.0+4b8640d50d57
2026-09-26,T,30,1,,,,,0,1.0.0+4b8640d50d57
2026-09-26,T,91,1,,,,,1,1.0.0+4b8640d50d57
2026-09-26,T,182,1,,,,,1,1.0.0+4b8640d50d57
2026-09-26,T,365,1,,,,,1,1.0.0+4b8640d50d57
2026-09-27,L,30,1,6.226038,,,,36,1.0.0+4b8640d50d57
2026-09-27,L,91,1,2.05254,,,,36,1.0.0+4b8640d50d57
2026-09-27,L,182,1,1.93851,,,,35,1.0.0+4b8640d50d57
2026-09-27,L,365,1,1.835883,,,,34,1.0.0+4b8640d50d57
2026-09-27,M,30,1,3.57865,3.447852,3.577173,3.711346,105,1.0.0+4b8640d50d57
2026-09-27,M,91,1,3.57986,3.379424,3.576365,3.784783,105,1.0.0+4b8640d50d57
2026-09-27,M,182,1,3.580157,3.307192,3.57362,3.861511,105,1.0.0+4b8640d50d57
2026-09-27,M,365,1,3.580306,3.202873,3.567648,3.973968,105,1.0.0+4b8640d50d57
2026-09-27,T,30,1,,,,,0,1.0.0+4b8640d50d57
2026-09-27,T,91,1,,,,,1,1.0.0+4b8640d50d57
2026-09-27,T,182,1,,,,,1,1.0.0+4b8640d50d57
2026-09-27,T,365,1,,,,,1,1.0.0+4b8640d50d57
2026-09-28,L,30,1,6.226038,,,,36,1.0.0+4b8640d50d57
2026-09-28,L,91,1,2.05254,,,,36,1.0.0+4b8640d50d57
2026-09-28,L,182,1,1.93851,,,,35,1.0.0+4b8640d50d57
2026-09-28,L,365,1,1.835883,,,,34,1.0.0+4b8640d50d57
2026-09-28,M,30,1,3.592526,3.461042,3.591039,3.725919,112,1.0.0+4b8640d50d57
2026-09-28,M,91,1,3.592954,3.39176,3.589445,3.798653,112,1.0.0+4b8640d50d57
2026-09-28,M,182,1,3.593059,3.319106,3.586498,3.875432,112,1.0.0+4b8640d50d57
2026-09-28,M,365,1,3.593112,3.21433,3.580409,3.98818,112,1.0.0+4b8640d50d57
2026-09-28,T,30,1,,,,,0,1.0.0+4b8640d50d57
2026-09-28,T,91,1,,,,,1,1.0.0+4b8640d50d57
2026-09-28,T,182,1,,,,,1,1.0.0+4b8640d50d57
2026-09-28,T,365,1,,,,,1,1.0.0+4b8640d50d57
2026-09-29,L,30,1,3.505208,,,,40,1.0.0+4b8640d50d57
2026-09-29,L,91,1,2.04804,,,,38,1.0.0+4b8640d50d57
2026-09-29,L,182,1,1.93426,,,,36,1.0.0+4b8640d50d57
2026-09-29,L,365,1,1.831858,,,,35,1.0.0+4b8640d50d57
2026-09-29,M,30,1,3.581837,3.477246,3.580896,3.687637,119,1.0.0+4b8640d50d57
2026-09-29,M,91,1,3.582101,3.427872,3.580044,3.738972,119,1.0.0+4b8640d50d57
2026-09-29,M,182,1,3.582166,3.374159,3.578401,3.795007,119,1.0.0+4b8640d50d57
2026-09-29,M,365,1,3.582198,3.295676,3.574988,3.877973,119,1.0.0+4b8640d50d57
2026-09-29,T,30,1,,,,,1,1.0.0+4b8640d50d57
2026-09-29,T,91,1,,,,,2,1.0.0+4b8640d50d57
2026-09-29,T,182,1,,,,,2,1.0.0+4b8640d50d57
2026-09-29,T,365,1,,,,,1,1.0.0+4b8640d50d57
2026-09-30,L,30,1,6.19983,,,,36,1.0.0+4b8640d50d57
2026-09-30,L,91,1,2.0439,,,,36,1.0.0+4b8640d50d57
2026-09-30,L,182,1,1.93035,,,,35,1.0.0+4b8640d50d57
2026-09-30,L,365,1,1.828155,,,,34,1.0.0+4b8640d50d57
2026-09-30,M,30,1,3.566738,3.462421,3.565798,3.672262,108,1.0.0+4b8640d50d57
2026-09-30,M,91,1,3.56694,3.413348,3.564891,3.723163,108,1.0.0+4b8640d50d57
2026-09-30,M,182,1,3.56699,3.359866,3.563241,3.778926,108,1.0.0+4b8640d50d57
2026-09-30,M,365,1,3.567015,3.281713,3.559835,3.861529,108,1.0.0+4b8640d50d57
2026-09-30,T,30,1,,,,,0,1.0.0+4b8640d50d57
2026-09-30,T,91,1,,,,,1,1.0.0+4b8640d50d57
2026-09-30,T,182,1,,,,,1,1.0.0+4b8640d50d57
2026-09-30,T,365,1,,,,,1,1.0.0+4b8640d50d57
2026-10-01,L,30,1,6.19983,,,,36,1.0.0+4b8640d50d57
2026-10-01,L,91,1,2.0439,,,,36,1.0.0+4b8640d50d57
2026-10-01,L,182,1,1.93035,,,,35,1.0.0+4b8640d50d57
2026-10-01,L,365,1,1.828155,,,,34,1.0.0+4b8640d50d57
2026-10-01,M,30,1,3.556601,3.472129,3.555984,3.641865,95,1.0.0+4b8640d50d57
2026-10-01,M,91,1,3.556601,3.438029,3.555381,3.676739,95,1.0.0+4b8640d50d57
2026-10-01,M,182,1,3.556601,3.398846,3.554432,3.717141,95,1.0.0+4b8640d50d57
2026-10-01,M,365,1,3.556601,3.340663,3.55251,3.777792,95,1.0.0+4b8640d50d57
2026-10-01,T,30,1,,,,,0,1.0.0+4b8640d50d57
2026-10-01,T,91,1,,,,,1,1.0.0+4b8640d50d57
2026-10-01,T,182,1,,,,,1,1.0.0+4b8640d50d57
2026-10-01,T,365,1,,,,,1,1.0.0+4b8640d50d57
2026-10-02,L,30,1,6.168708,,,,36,1.0.0+4b8640d50d57
2026-10-02,L,91,1,2.03364,,,,36,1.0.0+4b8640d50d57
2026-10-02,L,182,1,1.92066,,,,35,1.0.0+4b8640d50d57
2026-10-02,L,365,1,1.818978,,,,34,1.0.0+4b8640d50d57
2026-10-02,M,30,1,3.548156,3.463938,3.547542,3.633165,80,1.0.0+4b8640d50d57
2026-10-02,M,91,1,3.548156,3.429903,3.546941,3.667971,80,1.0.0+4b8640d50d57
2026-10-02,M,182,1,3.548156,3.390804,3.545994,3.708286,80,1.0.0+4b8640d50d57
2026-10-02,M,365,1,3.548156,3.332751,3.544076,3.768801,80,1.0.0+4b8640d50d57
2026-10-02,T,30,1,,,,,0,1.0.0+4b8640d50d57
2026-10-02,T,91,1,,,,,1,1.0.0+4b8640d50d57
2026-10-02,T,182,1,,,,,1,1.0.0+4b8640d50d57
2026-10-02,T,365,1,,,,,1,1.0.0+4b8640d50d57
2026-10-03,L,30,1,6.12885,,,,36,1.0.0+4b8640d50d57
2026-10-03,L,91,1,2.0205,,,,36,1.0.0+4b8640d50d57
2026-10-03,L,182,1,1.90825,,,,35,1.0.0+4b8640d50d57
2026-10-03,L,365,1,1.807225,,,,34,1.0.0+4b8640d50d57
2026-10-03,M,30,1,3.544233,3.47463,3.543813,3.614375,63,1.0.0+4b8640d50d57
2026-10-03,M,91,1,3.544233,3.451895,3.543493,3.637521,63,1.0.0+4b8640d50d57
2026-10-03,M,182,1,3.544233,3.423574,3.542965,3.666519,63,1.0.0+4b8640d50d57
2026-10-03,M,365,1,3.544233,3.380595,3.54189,3.710879,63,1.0.0+4b8640d50d57
2026-10-03,T,30,1,,,,,0,1.0.0+4b8640d50d57
2026-10-03,T,91,1,,,,,1,1.0.0+4b8640d50d57
2026-10-03,T,182,1,,,,,1,1.0.0+4b8640d50d57
2026-10-03,T,365,1,,,,,1,1.0.0+4b8640d50d57
2026-10-04,L,30,1,2.985646,,,,40,1.0.0+4b8640d50d57
2026-10-04,L,91,1,2.0205,,,,38,1.0.0+4b8640d50d57
2026-10-04,L,182,1,1.90825,,,,36,1.0.0+4b8640d50d57
2026-10-04,L,365,1,1.807225,,,,35,1.0.0+4b8640d50d57
2026-10-04,M,30,1,3.545286,3.505003,3.545146,3.585748,44,1.0.0+4b8640d50d57
2026-10-04,M,91,1,3.545286,3.511102,3.545185,3.579598,44,1.0.0+4b8640d50d57
2026-10-04,M,182,1,3.545286,3.512698,3.545194,3.577991,44,1.0.0+4b8640d50d57
2026-10-04,M,365,1,3.545286,3.513381,3.545198,3.577303,44,1.0.0+4b8640d50d57
2026-10-04,T,30,1,,,,,1,1.0.0+4b8640d50d57
2026-10-04,T,91,1,,,,,2,1.0.0+4b8640d50d57
2026-10-04,T,182,1,,,,,2,1.0.0+4b8640d50d57
2026-10-04,T,365,1,,,,,1,1.0.0+4b8640d50d57
2026-10-05,L,30,1,6.12885,,,,36,1.0.0+4b8640d50d57
2026-10-05,L,91,1,2.0205,,,,36,1.0.0+4b8640d50d57
2026-10-05,L,182,1,1.90825,,,,35,1.0.0+4b8640d50d57
2026-10-05,L,365,1,1.807225,,,,34,1.0.0+4b8640d50d57
2026-10-05,M,30,1,3.552528,3.512669,3.552391,3.592562,23,1.0.0+4b8640d50d57
2026-10-05,M,91,1,3.552528,3.518874,3.55243,3.586307,23,1.0.0+4b8640d50d57
2026-10-05,M,182,1,3.552528,3.520503,3.55244,3.584666,23,1.0.0+4b8640d50d57
2026-10-05,M,365,1,3.552528,3.521201,3.552444,3.583963,23,1.0.0+4b8640d50d57
2026-10-05,T,30,1,,,,,0,1.0.0+4b8640d50d57
2026-10-05,T,91,1,,,,,1,1.0.0+4b8640d50d57
2026-10-05,T,182,1,,,,,1,1.0.0+4b8640d50d57
2026-10-05,T,365,1,,,,,1,1.0.0+4b8640d50d57
2026-10-06,L,30,1,6.117384,,,,36,1.0.0+4b8640d50d57
2026-10-06,L,91,1,2.01672,,,,36,1.0.0+4b8640d50d57
2026-10-06,L,182,1,1.90468,,,,35,1.0.0+4b8640d50d57
2026-10-06,L,365,1,1.803844,,,,34,1.0.0+4b8640d50d57
2026-10-06,M,30,1,3.566324,3.507118,3.566023,3.625917,24,1.0.0+4b8640d50d57
2026-10-06,M,91,1,3.566324,3.492804,3.565859,3.640442,24,1.0.0+4b8640d50d57
2026-10-06,M,182,1,3.566324,3.472491,3.565564,3.661133,24,1.0.0+4b8640d50d57
2026-10-06,M,365,1,3.566324,3.440708,3.564958,3.693694,24,1.0.0+4b8640d50d57
2026-10-06,T,30,1,,,,,0,1.0.0+4b8640d50d57
2026-10-06,T,91,1,,,,,1,1.0.0+4b8640d50d57
2026-10-06,T,182,1,,,,,1,1.0.0+4b8640d50d57
2026-10-06,T,365,1,,,,,1,1.0.0+4b8640d50d57
2026-10-07,L,30,1,6.152874,,,,36,1.0.0+4b8640d50d57
2026-10-07,L,91,1,2.02842,,,,36,1.0.0+4b8640d50d57
2026-10-07,L,182,1,1.91573,,,,35,1.0.0+4b8640d50d57
2026-10-07,L,365,1,1.814309,,,,34,1.0.0+4b8640d50d57
2026-10-07,M,30,1,3.605589,3.500003,3.604636,3.712397,25,1.0.0+4b8640d50d57
2026-10-07,M,91,1,3.605589,3.450339,3.603518,3.763497,25,1.0.0+4b8640d50d57
2026-10-07,M,182,1,3.605589,3.396243,3.6018,3.819798,25,1.0.0+4b8640d50d57
2026-10-07,M,365,1,3.605589,3.31722,3.598333,3.903268,25,1.0.0+4b8640d50d57
2026-10-07,T,30,1,,,,,0,1.0.0+4b8640d50d57
2026-10-07,T,91,1,,,,,1,1.0.0+4b8640d50d57
2026-10-07,T,182,1,,,,,1,1.0.0+4b8640d50d57
2026-10-07,T,365,1,,,,,1,1.0.0+4b8640d50d57
