date,region,leg,series,value_usd,n_sources,status,flags
2026-09-11,eu,on_demand,EU-CRI-H100,,4,gap,insufficient_sources
2026-09-12,eu,on_demand,EU-CRI-H100,3.49,6,print,
2026-09-13,eu,on_demand,EU-CRI-H100,3.25,6,print,
2026-09-14,eu,on_demand,EU-CRI-H100,3.25,6,print,
2026-09-15,eu,on_demand,EU-CRI-H100,3.25,6,print,
2026-09-16,eu,on_demand,EU-CRI-H100,,0,none,
2026-09-17,eu,on_demand,EU-CRI-H100,3.49,6,print,
2026-09-18,eu,on_demand,EU-CRI-H100,3.28,6,print,
2026-09-19,eu,on_demand,EU-CRI-H100,3.49,6,print,
2026-09-20,eu,on_demand,EU-CRI-H100,3.28,6,print,
2026-09-21,eu,on_demand,EU-CRI-H100,3.49,5,print,
2026-09-22,eu,on_demand,EU-CRI-H100,3.49,8,print,
2026-09-23,eu,on_demand,EU-CRI-H100,3.49,8,print,
2026-09-24,eu,on_demand,EU-CRI-H100,3.776927,6,print,no_executable_input
2026-09-25,eu,on_demand,EU-CRI-H100,3.762363,6,print,no_executable_input
2026-09-26,eu,on_demand,EU-CRI-H100,3.49,8,print,
2026-09-11,eu,spot,EU-CRI-H100-SPOT,,1,indicative,insufficient_sources
2026-09-12,eu,spot,EU-CRI-H100-SPOT,,1,indicative,insufficient_sources
2026-09-13,eu,spot,EU-CRI-H100-SPOT,,1,indicative,insufficient_sources
2026-09-14,eu,spot,EU-CRI-H100-SPOT,,1,indicative,insufficient_sources
2026-09-15,eu,spot,EU-CRI-H100-SPOT,,1,indicative,insufficient_sources
2026-09-16,eu,spot,EU-CRI-H100-SPOT,,0,none,
2026-09-17,eu,spot,EU-CRI-H100-SPOT,2.15,5,indicative,no_executable_input
2026-09-18,eu,spot,EU-CRI-H100-SPOT,2.15,5,indicative,no_executable_input
2026-09-19,eu,spot,EU-CRI-H100-SPOT,2.15,5,indicative,no_executable_input
2026-09-20,eu,spot,EU-CRI-H100-SPOT,2.15,5,indicative,no_executable_input
2026-09-21,eu,spot,EU-CRI-H100-SPOT,2.15,5,indicative,no_executable_input
2026-09-22,eu,spot,EU-CRI-H100-SPOT,2.15,5,indicative,no_executable_input
2026-09-23,eu,spot,EU-CRI-H100-SPOT,2.15,5,indicative,no_executable_input
2026-09-24,eu,spot,EU-CRI-H100-SPOT,2.15,5,indicative,no_executable_input
2026-09-25,eu,spot,EU-CRI-H100-SPOT,2.15,5,indicative,no_executable_input
2026-09-26,eu,spot,EU-CRI-H100-SPOT,2.15,5,indicative,no_executable_input
2026-09-11,eu,spread,EU-CRI-H100-SPOTSPREAD,,0,none,
2026-09-12,eu,spread,EU-CRI-H100-SPOTSPREAD,,0,gap,
2026-09-13,eu,spread,EU-CRI-H100-SPOTSPREAD,,0,gap,
2026-09-14,eu,spread,EU-CRI-H100-SPOTSPREAD,,0,gap,
2026-09-15,eu,spread,EU-CRI-H100-SPOTSPREAD,,0,gap,
2026-09-16,eu,spread,EU-CRI-H100-SPOTSPREAD,,0,none,
2026-09-17,eu,spread,EU-CRI-H100-SPOTSPREAD,1.34,2,indicative,
2026-09-18,eu,spread,EU-CRI-H100-SPOTSPREAD,1.13,2,indicative,
2026-09-19,eu,spread,EU-CRI-H100-SPOTSPREAD,1.34,2,indicative,
2026-09-20,eu,spread,EU-CRI-H100-SPOTSPREAD,1.13,2,indicative,
2026-09-21,eu,spread,EU-CRI-H100-SPOTSPREAD,1.34,2,indicative,
2026-09-22,eu,spread,EU-CRI-H100-SPOTSPREAD,1.34,2,indicative,
2026-09-23,eu,spread,EU-CRI-H100-SPOTSPREAD,1.34,2,indicative,
2026-09-24,eu,spread,EU-CRI-H100-SPOTSPREAD,1.626927,2,indicative,
2026-09-25,eu,spread,EU-CRI-H100-SPOTSPREAD,1.612363,2,indicative,
2026-09-26,eu,spread,EU-CRI-H100-SPOTSPREAD,1.34,2,indicative,
2026-09-11,us,on_demand,EU-CRI-H100-US,,0,indicative,insufficient_sources
2026-09-12,us,on_demand,EU-CRI-H100-US,3.49,5,indicative,
2026-09-13,us,on_demand,EU-CRI-H100-US,3.49,5,indicative,
2026-09-14,us,on_demand,EU-CRI-H100-US,3.49,5,indicative,
2026-09-15,us,on_demand,EU-CRI-H100-US,3.49,5,indicative,
2026-09-16,us,on_demand,EU-CRI-H100-US,,0,none,
2026-09-17,us,on_demand,EU-CRI-H100-US,,3,indicative,insufficient_sources
2026-09-18,us,on_demand,EU-CRI-H100-US,,3,indicative,insufficient_sources
2026-09-19,us,on_demand,EU-CRI-H100-US,,4,indicative,insufficient_sources
2026-09-20,us,on_demand,EU-CRI-H100-US,3.49,5,indicative,
2026-09-21,us,on_demand,EU-CRI-H100-US,,4,indicative,insufficient_sources
2026-09-22,us,on_demand,EU-CRI-H100-US,,4,indicative,insufficient_sources
2026-09-23,us,on_demand,EU-CRI-H100-US,3.49,5,indicative,
2026-09-24,us,on_demand,EU-CRI-H100-US,,3,indicative,insufficient_sources
2026-09-25,us,on_demand,EU-CRI-H100-US,,3,indicative,insufficient_sources
2026-09-26,us,on_demand,EU-CRI-H100-US,3.49,5,indicative,
2026-09-11,us,spot,EU-CRI-H100-SPOT-US,,0,indicative,insufficient_sources
2026-09-12,us,spot,EU-CRI-H100-SPOT-US,,0,indicative,insufficient_sources
2026-09-13,us,spot,EU-CRI-H100-SPOT-US,,1,indicative,insufficient_sources
2026-09-14,us,spot,EU-CRI-H100-SPOT-US,,1,indicative,insufficient_sources
2026-09-15,us,spot,EU-CRI-H100-SPOT-US,,1,indicative,insufficient_sources
2026-09-16,us,spot,EU-CRI-H100-SPOT-US,,0,none,
2026-09-17,us,spot,EU-CRI-H100-SPOT-US,,3,indicative,insufficient_sources
2026-09-18,us,spot,EU-CRI-H100-SPOT-US,,3,indicative,insufficient_sources
2026-09-19,us,spot,EU-CRI-H100-SPOT-US,,3,indicative,insufficient_sources
2026-09-20,us,spot,EU-CRI-H100-SPOT-US,,3,indicative,insufficient_sources
2026-09-21,us,spot,EU-CRI-H100-SPOT-US,,3,indicative,insufficient_sources
2026-09-22,us,spot,EU-CRI-H100-SPOT-US,,3,indicative,insufficient_sources
2026-09-23,us,spot,EU-CRI-H100-SPOT-US,,3,indicative,insufficient_sources
2026-09-24,us,spot,EU-CRI-H100-SPOT-US,,3,indicative,insufficient_sources
2026-09-25,us,spot,EU-CRI-H100-SPOT-US,,3,indicative,insufficient_sources
2026-09-26,us,spot,EU-CRI-H100-SPOT-US,,3,indicative,insufficient_sources
2026-09-11,us,spread,EU-CRI-H100-SPOTSPREAD-US,,0,none,
2026-09-12,us,spread,EU-CRI-H100-SPOTSPREAD-US,,0,none,
2026-09-13,us,spread,EU-CRI-H100-SPOTSPREAD-US,,0,none,
2026-09-14,us,spread,EU-CRI-H100-SPOTSPREAD-US,,0,none,
2026-09-15,us,spread,EU-CRI-H100-SPOTSPREAD-US,,0,none,
2026-09-16,us,spread,EU-CRI-H100-SPOTSPREAD-US,,0,none,
2026-09-17,us,spread,EU-CRI-H100-SPOTSPREAD-US,,0,none,
2026-09-18,us,spread,EU-CRI-H100-SPOTSPREAD-US,,0,none,
2026-09-19,us,spread,EU-CRI-H100-SPOTSPREAD-US,,0,none,
2026-09-20,us,spread,EU-CRI-H100-SPOTSPREAD-US,,0,none,
2026-09-21,us,spread,EU-CRI-H100-SPOTSPREAD-US,,0,none,
2026-09-22,us,spread,EU-CRI-H100-SPOTSPREAD-US,,0,none,
2026-09-23,us,spread,EU-CRI-H100-SPOTSPREAD-US,,0,none,
2026-09-24,us,spread,EU-CRI-H100-SPOTSPREAD-US,,0,none,
2026-09-25,us,spread,EU-CRI-H100-SPOTSPREAD-US,,0,none,
2026-09-26,us,spread,EU-CRI-H100-SPOTSPREAD-US,,0,none,
2026-09-11,global,on_demand,EU-CRI-H100-GLOBAL,,1,indicative,insufficient_sources
2026-09-12,global,on_demand,EU-CRI-H100-GLOBAL,3.49,8,indicative,
2026-09-13,global,on_demand,EU-CRI-H100-GLOBAL,3.49,8,indicative,
2026-09-14,global,on_demand,EU-CRI-H100-GLOBAL,3.49,8,indicative,
2026-09-15,global,on_demand,EU-CRI-H100-GLOBAL,3.49,8,indicative,
2026-09-16,global,on_demand,EU-CRI-H100-GLOBAL,,0,none,
2026-09-17,global,on_demand,EU-CRI-H100-GLOBAL,3.49,7,indicative,
2026-09-18,global,on_demand,EU-CRI-H100-GLOBAL,3.49,7,indicative,
2026-09-19,global,on_demand,EU-CRI-H100-GLOBAL,3.589022,8,indicative,
2026-09-20,global,on_demand,EU-CRI-H100-GLOBAL,3.49,8,indicative,
2026-09-21,global,on_demand,EU-CRI-H100-GLOBAL,3.66847,7,indicative,
2026-09-22,global,on_demand,EU-CRI-H100-GLOBAL,3.49,8,indicative,
2026-09-23,global,on_demand,EU-CRI-H100-GLOBAL,3.49,8,indicative,
2026-09-24,global,on_demand,EU-CRI-H100-GLOBAL,3.85,6,indicative,no_executable_input
2026-09-25,global,on_demand,EU-CRI-H100-GLOBAL,3.629199,7,indicative,no_executable_input
2026-09-26,global,on_demand,EU-CRI-H100-GLOBAL,3.49,9,indicative,
2026-09-11,global,spot,EU-CRI-H100-SPOT-GLOBAL,,1,indicative,insufficient_sources
2026-09-12,global,spot,EU-CRI-H100-SPOT-GLOBAL,,1,indicative,insufficient_sources
2026-09-13,global,spot,EU-CRI-H100-SPOT-GLOBAL,,2,indicative,insufficient_sources
2026-09-14,global,spot,EU-CRI-H100-SPOT-GLOBAL,,2,indicative,insufficient_sources
2026-09-15,global,spot,EU-CRI-H100-SPOT-GLOBAL,,2,indicative,insufficient_sources
2026-09-16,global,spot,EU-CRI-H100-SPOT-GLOBAL,,0,none,
2026-09-17,global,spot,EU-CRI-H100-SPOT-GLOBAL,2.4388,6,indicative,no_executable_input
2026-09-18,global,spot,EU-CRI-H100-SPOT-GLOBAL,2.4388,6,indicative,no_executable_input
2026-09-19,global,spot,EU-CRI-H100-SPOT-GLOBAL,2.4388,6,indicative,no_executable_input
2026-09-20,global,spot,EU-CRI-H100-SPOT-GLOBAL,2.4388,6,indicative,no_executable_input
2026-09-21,global,spot,EU-CRI-H100-SPOT-GLOBAL,2.4388,6,indicative,no_executable_input
2026-09-22,global,spot,EU-CRI-H100-SPOT-GLOBAL,2.4388,6,indicative,no_executable_input
2026-09-23,global,spot,EU-CRI-H100-SPOT-GLOBAL,2.4388,6,indicative,no_executable_input
2026-09-24,global,spot,EU-CRI-H100-SPOT-GLOBAL,2.4388,6,indicative,no_executable_input
2026-09-25,global,spot,EU-CRI-H100-SPOT-GLOBAL,2.4388,6,indicative,no_executable_input
2026-09-26,global,spot,EU-CRI-H100-SPOT-GLOBAL,2.4388,6,indicative,no_executable_input
2026-09-11,global,spread,EU-CRI-H100-SPOTSPREAD-GLOBAL,,0,none,
2026-09-12,global,spread,EU-CRI-H100-SPOTSPREAD-GLOBAL,,0,none,
2026-09-13,global,spread,EU-CRI-H100-SPOTSPREAD-GLOBAL,,0,none,
2026-09-14,global,spread,EU-CRI-H100-SPOTSPREAD-GLOBAL,,0,none,
2026-09-15,global,spread,EU-CRI-H100-SPOTSPREAD-GLOBAL,,0,none,
2026-09-16,global,spread,EU-CRI-H100-SPOTSPREAD-GLOBAL,,0,none,
2026-09-17,global,spread,EU-CRI-H100-SPOTSPREAD-GLOBAL,1.0512,2,indicative,
2026-09-18,global,spread,EU-CRI-H100-SPOTSPREAD-GLOBAL,1.0512,2,indicative,
2026-09-19,global,spread,EU-CRI-H100-SPOTSPREAD-GLOBAL,1.150222,2,indicative,
2026-09-20,global,spread,EU-CRI-H100-SPOTSPREAD-GLOBAL,1.0512,2,indicative,
2026-09-21,global,spread,EU-CRI-H100-SPOTSPREAD-GLOBAL,1.22967,2,indicative,
2026-09-22,global,spread,EU-CRI-H100-SPOTSPREAD-GLOBAL,1.0512,2,indicative,
2026-09-23,global,spread,EU-CRI-H100-SPOTSPREAD-GLOBAL,1.0512,2,indicative,
2026-09-24,global,spread,EU-CRI-H100-SPOTSPREAD-GLOBAL,1.4112,2,indicative,
2026-09-25,global,spread,EU-CRI-H100-SPOTSPREAD-GLOBAL,1.190399,2,indicative,
2026-09-26,global,spread,EU-CRI-H100-SPOTSPREAD-GLOBAL,1.0512,2,indicative,
