at_utc,origin,series,provider,price_usd,weight_pct
2026-09-13T11:10:15Z,fixing,EU-CRI-H100,datacrunch,3.25,12.5
2026-09-13T11:10:15Z,fixing,EU-CRI-H100,nebius,3.85,12.5
2026-09-13T11:10:15Z,fixing,EU-CRI-H100,runpod,3.49,25.0
2026-09-13T11:10:15Z,fixing,EU-CRI-H100,scaleway,3.701036,12.5
2026-09-13T11:10:15Z,fixing,EU-CRI-H100,seeweb,2.16,12.5
2026-09-13T11:10:15Z,fixing,EU-CRI-H100,vast.ai,3.097022,25.0
2026-09-13T11:10:15Z,fixing,EU-CRI-H100-GLOBAL,digitalocean,4.41,10.0
2026-09-13T11:10:15Z,fixing,EU-CRI-H100-GLOBAL,lambdalabs,3.99,10.0
2026-09-13T11:10:15Z,fixing,EU-CRI-H100-GLOBAL,nebius,3.85,10.0
2026-09-13T11:10:15Z,fixing,EU-CRI-H100-GLOBAL,runpod,3.49,20.0
2026-09-13T11:10:15Z,fixing,EU-CRI-H100-GLOBAL,scaleway,3.701036,10.0
2026-09-13T11:10:15Z,fixing,EU-CRI-H100-GLOBAL,vast.ai,2.934444,20.0
2026-09-13T11:10:15Z,fixing,EU-CRI-H100-GLOBAL,verda,3.25,10.0
2026-09-13T11:10:15Z,fixing,EU-CRI-H100-GLOBAL,voltagepark,1.99,10.0
2026-09-13T11:10:15Z,fixing,EU-CRI-H100-US,digitalocean,4.41,16.666667
2026-09-13T11:10:15Z,fixing,EU-CRI-H100-US,lambdalabs,3.99,16.666667
2026-09-13T11:10:15Z,fixing,EU-CRI-H100-US,runpod,3.49,25.0
2026-09-13T11:10:15Z,fixing,EU-CRI-H100-US,vast.ai,2.934444,25.0
2026-09-13T11:10:15Z,fixing,EU-CRI-H100-US,voltagepark,1.99,16.666667
2026-09-14T11:12:23Z,fixing,EU-CRI-H100,datacrunch,3.25,12.5
2026-09-14T11:12:23Z,fixing,EU-CRI-H100,nebius,3.85,12.5
2026-09-14T11:12:23Z,fixing,EU-CRI-H100,runpod,3.49,25.0
2026-09-14T11:12:23Z,fixing,EU-CRI-H100,scaleway,3.687946,12.5
2026-09-14T11:12:23Z,fixing,EU-CRI-H100,seeweb,2.183139,12.5
2026-09-14T11:12:23Z,fixing,EU-CRI-H100,vast.ai,2.266852,25.0
2026-09-14T11:12:23Z,fixing,EU-CRI-H100-GLOBAL,digitalocean,4.41,10.0
2026-09-14T11:12:23Z,fixing,EU-CRI-H100-GLOBAL,lambdalabs,3.99,10.0
2026-09-14T11:12:23Z,fixing,EU-CRI-H100-GLOBAL,nebius,3.85,10.0
2026-09-14T11:12:23Z,fixing,EU-CRI-H100-GLOBAL,runpod,3.49,20.0
2026-09-14T11:12:23Z,fixing,EU-CRI-H100-GLOBAL,scaleway,3.687946,10.0
2026-09-14T11:12:23Z,fixing,EU-CRI-H100-GLOBAL,vast.ai,2.267037,20.0
2026-09-14T11:12:23Z,fixing,EU-CRI-H100-GLOBAL,verda,3.25,10.0
2026-09-14T11:12:23Z,fixing,EU-CRI-H100-GLOBAL,voltagepark,1.99,10.0
2026-09-14T11:12:23Z,fixing,EU-CRI-H100-US,digitalocean,4.41,16.666667
2026-09-14T11:12:23Z,fixing,EU-CRI-H100-US,lambdalabs,3.99,16.666667
2026-09-14T11:12:23Z,fixing,EU-CRI-H100-US,runpod,3.49,25.0
2026-09-14T11:12:23Z,fixing,EU-CRI-H100-US,vast.ai,2.934444,25.0
2026-09-14T11:12:23Z,fixing,EU-CRI-H100-US,voltagepark,1.99,16.666667
2026-09-17T06:29:03Z,fixing,EU-CRI-H100,datacrunch,3.25,12.5
2026-09-17T06:29:03Z,fixing,EU-CRI-H100,nebius,3.85,12.5
2026-09-17T06:29:03Z,fixing,EU-CRI-H100,runpod,3.49,25.0
2026-09-17T06:29:03Z,fixing,EU-CRI-H100,scaleway,3.665596,12.5
2026-09-17T06:29:03Z,fixing,EU-CRI-H100,seeweb,2.169909,12.5
2026-09-17T06:29:03Z,fixing,EU-CRI-H100,vast.ai,2.267037,25.0
2026-09-17T06:29:03Z,fixing,EU-CRI-H100-GLOBAL,digitalocean,4.41,11.111111
2026-09-17T06:29:03Z,fixing,EU-CRI-H100-GLOBAL,lambdalabs,3.99,11.111111
2026-09-17T06:29:03Z,fixing,EU-CRI-H100-GLOBAL,nebius,3.85,11.111111
2026-09-17T06:29:03Z,fixing,EU-CRI-H100-GLOBAL,runpod,3.49,22.222222
2026-09-17T06:29:03Z,fixing,EU-CRI-H100-GLOBAL,scaleway,3.665596,11.111111
2026-09-17T06:29:03Z,fixing,EU-CRI-H100-GLOBAL,vast.ai,2.267037,22.222222
2026-09-17T06:29:03Z,fixing,EU-CRI-H100-GLOBAL,verda,3.2825,11.111111
2026-09-18T11:12:46Z,fixing,EU-CRI-H100,datacrunch,3.28,12.5
2026-09-18T11:12:46Z,fixing,EU-CRI-H100,nebius,3.85,12.5
2026-09-18T11:12:46Z,fixing,EU-CRI-H100,runpod,3.49,25.0
2026-09-18T11:12:46Z,fixing,EU-CRI-H100,scaleway,3.658891,12.5
2026-09-18T11:12:46Z,fixing,EU-CRI-H100,seeweb,2.16594,12.5
2026-09-18T11:12:46Z,fixing,EU-CRI-H100,vast.ai,2.267037,25.0
2026-09-18T11:12:46Z,fixing,EU-CRI-H100-GLOBAL,digitalocean,4.41,11.111111
2026-09-18T11:12:46Z,fixing,EU-CRI-H100-GLOBAL,lambdalabs,3.99,11.111111
2026-09-18T11:12:46Z,fixing,EU-CRI-H100-GLOBAL,nebius,3.85,11.111111
2026-09-18T11:12:46Z,fixing,EU-CRI-H100-GLOBAL,runpod,3.49,22.222222
2026-09-18T11:12:46Z,fixing,EU-CRI-H100-GLOBAL,scaleway,3.658891,11.111111
2026-09-18T11:12:46Z,fixing,EU-CRI-H100-GLOBAL,vast.ai,2.267037,22.222222
2026-09-18T11:12:46Z,fixing,EU-CRI-H100-GLOBAL,verda,3.2975,11.111111
2026-09-19T11:10:13Z,fixing,EU-CRI-H100,datacrunch,3.28,12.5
2026-09-19T11:10:13Z,fixing,EU-CRI-H100,nebius,3.85,12.5
2026-09-19T11:10:13Z,fixing,EU-CRI-H100,runpod,3.49,25.0
2026-09-19T11:10:13Z,fixing,EU-CRI-H100,scaleway,3.658891,12.5
2026-09-19T11:10:13Z,fixing,EU-CRI-H100,seeweb,2.16594,12.5
2026-09-19T11:10:13Z,fixing,EU-CRI-H100,vast.ai,3.589022,25.0
2026-09-19T11:10:13Z,fixing,EU-CRI-H100-GLOBAL,digitalocean,4.41,10.0
2026-09-19T11:10:13Z,fixing,EU-CRI-H100-GLOBAL,lambdalabs,3.99,10.0
2026-09-19T11:10:13Z,fixing,EU-CRI-H100-GLOBAL,nebius,3.85,10.0
2026-09-19T11:10:13Z,fixing,EU-CRI-H100-GLOBAL,runpod,3.49,20.0
2026-09-19T11:10:13Z,fixing,EU-CRI-H100-GLOBAL,scaleway,3.658891,10.0
2026-09-19T11:10:13Z,fixing,EU-CRI-H100-GLOBAL,vast.ai,3.589022,20.0
2026-09-19T11:10:13Z,fixing,EU-CRI-H100-GLOBAL,verda,3.3475,10.0
2026-09-19T11:10:13Z,fixing,EU-CRI-H100-GLOBAL,voltagepark,1.99,10.0
2026-09-20T11:11:08Z,fixing,EU-CRI-H100,datacrunch,3.28,12.5
2026-09-20T11:11:08Z,fixing,EU-CRI-H100,nebius,3.85,12.5
2026-09-20T11:11:08Z,fixing,EU-CRI-H100,runpod,3.49,25.0
2026-09-20T11:11:08Z,fixing,EU-CRI-H100,scaleway,3.658891,12.5
2026-09-20T11:11:08Z,fixing,EU-CRI-H100,seeweb,2.16594,12.5
2026-09-20T11:11:08Z,fixing,EU-CRI-H100,vast.ai,3.217022,25.0
2026-09-20T11:11:08Z,fixing,EU-CRI-H100-GLOBAL,digitalocean,4.41,10.0
2026-09-20T11:11:08Z,fixing,EU-CRI-H100-GLOBAL,lambdalabs,3.99,10.0
2026-09-20T11:11:08Z,fixing,EU-CRI-H100-GLOBAL,nebius,3.85,10.0
2026-09-20T11:11:08Z,fixing,EU-CRI-H100-GLOBAL,runpod,3.49,20.0
2026-09-20T11:11:08Z,fixing,EU-CRI-H100-GLOBAL,scaleway,3.658891,10.0
2026-09-20T11:11:08Z,fixing,EU-CRI-H100-GLOBAL,vast.ai,2.934444,20.0
2026-09-20T11:11:08Z,fixing,EU-CRI-H100-GLOBAL,verda,3.3475,10.0
2026-09-20T11:11:08Z,fixing,EU-CRI-H100-GLOBAL,voltagepark,1.99,10.0
2026-09-20T11:11:08Z,fixing,EU-CRI-H100-US,digitalocean,4.41,16.666667
2026-09-20T11:11:08Z,fixing,EU-CRI-H100-US,lambdalabs,3.99,16.666667
2026-09-20T11:11:08Z,fixing,EU-CRI-H100-US,runpod,3.49,25.0
2026-09-20T11:11:08Z,fixing,EU-CRI-H100-US,vast.ai,2.934444,25.0
2026-09-20T11:11:08Z,fixing,EU-CRI-H100-US,voltagepark,1.99,16.666667
2026-09-21T11:12:04Z,fixing,EU-CRI-H100,datacrunch,3.28,18.75
2026-09-21T11:12:04Z,fixing,EU-CRI-H100,nebius,3.85,18.75
2026-09-21T11:12:04Z,fixing,EU-CRI-H100,runpod,3.49,25.0
2026-09-21T11:12:04Z,fixing,EU-CRI-H100,scaleway,3.66847,18.75
2026-09-21T11:12:04Z,fixing,EU-CRI-H100,seeweb,2.17161,18.75
2026-09-21T11:12:04Z,fixing,EU-CRI-H100-GLOBAL,digitalocean,4.41,12.5
2026-09-21T11:12:04Z,fixing,EU-CRI-H100-GLOBAL,lambdalabs,3.99,12.5
2026-09-21T11:12:04Z,fixing,EU-CRI-H100-GLOBAL,nebius,3.85,12.5
2026-09-21T11:12:04Z,fixing,EU-CRI-H100-GLOBAL,runpod,3.49,25.0
2026-09-21T11:12:04Z,fixing,EU-CRI-H100-GLOBAL,scaleway,3.66847,12.5
2026-09-21T11:12:04Z,fixing,EU-CRI-H100-GLOBAL,verda,3.3475,12.5
2026-09-21T11:12:04Z,fixing,EU-CRI-H100-GLOBAL,voltagepark,1.99,12.5
2026-09-22T11:12:27Z,fixing,EU-CRI-H100,digitalocean,4.41,10.0
2026-09-22T11:12:27Z,fixing,EU-CRI-H100,lambdalabs,3.99,10.0
2026-09-22T11:12:27Z,fixing,EU-CRI-H100,nebius,3.85,10.0
2026-09-22T11:12:27Z,fixing,EU-CRI-H100,runpod,3.49,20.0
2026-09-22T11:12:27Z,fixing,EU-CRI-H100,scaleway,3.66847,10.0
2026-09-22T11:12:27Z,fixing,EU-CRI-H100,seeweb,2.17161,10.0
2026-09-22T11:12:27Z,fixing,EU-CRI-H100,vast.ai,2.267407,20.0
2026-09-22T11:12:27Z,fixing,EU-CRI-H100,verda,3.365,10.0
2026-09-22T11:12:27Z,fixing,EU-CRI-H100-GLOBAL,digitalocean,4.41,10.0
2026-09-22T11:12:27Z,fixing,EU-CRI-H100-GLOBAL,lambdalabs,3.99,10.0
2026-09-22T11:12:27Z,fixing,EU-CRI-H100-GLOBAL,nebius,3.85,10.0
2026-09-22T11:12:27Z,fixing,EU-CRI-H100-GLOBAL,runpod,3.49,20.0
2026-09-22T11:12:27Z,fixing,EU-CRI-H100-GLOBAL,scaleway,3.66847,10.0
2026-09-22T11:12:27Z,fixing,EU-CRI-H100-GLOBAL,vast.ai,2.267407,20.0
2026-09-22T11:12:27Z,fixing,EU-CRI-H100-GLOBAL,verda,3.365,10.0
2026-09-22T11:12:27Z,fixing,EU-CRI-H100-GLOBAL,voltagepark,1.99,10.0
2026-09-22T11:12:27Z,fixing,EU-CRI-H100-NC,digitalocean,4.41,16.666667
2026-09-22T11:12:27Z,fixing,EU-CRI-H100-NC,lambdalabs,3.99,16.666667
2026-09-22T11:12:27Z,fixing,EU-CRI-H100-NC,nebius,3.85,16.666667
2026-09-22T11:12:27Z,fixing,EU-CRI-H100-NC,scaleway,3.66847,16.666667
2026-09-22T11:12:27Z,fixing,EU-CRI-H100-NC,seeweb,2.17161,16.666667
2026-09-22T11:12:27Z,fixing,EU-CRI-H100-NC,verda,3.365,16.666667
2026-09-23T11:12:34Z,fixing,EU-CRI-H100,digitalocean,4.41,10.0
2026-09-23T11:12:34Z,fixing,EU-CRI-H100,lambdalabs,3.99,10.0
2026-09-23T11:12:34Z,fixing,EU-CRI-H100,nebius,3.85,10.0
2026-09-23T11:12:34Z,fixing,EU-CRI-H100,runpod,3.49,20.0
2026-09-23T11:12:34Z,fixing,EU-CRI-H100,scaleway,3.659849,10.0
2026-09-23T11:12:34Z,fixing,EU-CRI-H100,seeweb,2.166507,10.0
2026-09-23T11:12:34Z,fixing,EU-CRI-H100,vast.ai,2.267407,20.0
2026-09-23T11:12:34Z,fixing,EU-CRI-H100,verda,3.3825,10.0
2026-09-23T11:12:34Z,fixing,EU-CRI-H100-GLOBAL,digitalocean,4.41,10.0
2026-09-23T11:12:34Z,fixing,EU-CRI-H100-GLOBAL,lambdalabs,3.99,10.0
2026-09-23T11:12:34Z,fixing,EU-CRI-H100-GLOBAL,nebius,3.85,10.0
2026-09-23T11:12:34Z,fixing,EU-CRI-H100-GLOBAL,runpod,3.49,20.0
2026-09-23T11:12:34Z,fixing,EU-CRI-H100-GLOBAL,scaleway,3.659849,10.0
2026-09-23T11:12:34Z,fixing,EU-CRI-H100-GLOBAL,vast.ai,2.933889,20.0
2026-09-23T11:12:34Z,fixing,EU-CRI-H100-GLOBAL,verda,3.3825,10.0
2026-09-23T11:12:34Z,fixing,EU-CRI-H100-GLOBAL,voltagepark,1.99,10.0
2026-09-23T11:12:34Z,fixing,EU-CRI-H100-NC,digitalocean,4.41,16.666667
2026-09-23T11:12:34Z,fixing,EU-CRI-H100-NC,lambdalabs,3.99,16.666667
2026-09-23T11:12:34Z,fixing,EU-CRI-H100-NC,nebius,3.85,16.666667
2026-09-23T11:12:34Z,fixing,EU-CRI-H100-NC,scaleway,3.659849,16.666667
2026-09-23T11:12:34Z,fixing,EU-CRI-H100-NC,seeweb,2.166507,16.666667
2026-09-23T11:12:34Z,fixing,EU-CRI-H100-NC,verda,3.3825,16.666667
2026-09-23T11:12:34Z,fixing,EU-CRI-H100-US,digitalocean,4.41,16.666667
2026-09-23T11:12:34Z,fixing,EU-CRI-H100-US,lambdalabs,3.99,16.666667
2026-09-23T11:12:34Z,fixing,EU-CRI-H100-US,runpod,3.49,25.0
2026-09-23T11:12:34Z,fixing,EU-CRI-H100-US,vast.ai,2.933889,25.0
2026-09-23T11:12:34Z,fixing,EU-CRI-H100-US,voltagepark,1.99,16.666667
2026-09-24T11:11:56Z,fixing,EU-CRI-H100,digitalocean,4.41,16.666667
2026-09-24T11:11:56Z,fixing,EU-CRI-H100,lambdalabs,3.99,16.666667
2026-09-24T11:11:56Z,fixing,EU-CRI-H100,nebius,3.85,16.666667
2026-09-24T11:11:56Z,fixing,EU-CRI-H100,scaleway,3.643247,16.666667
2026-09-24T11:11:56Z,fixing,EU-CRI-H100,seeweb,2.156679,16.666667
2026-09-24T11:11:56Z,fixing,EU-CRI-H100,verda,3.41625,16.666667
2026-09-24T11:11:56Z,fixing,EU-CRI-H100-GLOBAL,digitalocean,4.41,16.666667
2026-09-24T11:11:56Z,fixing,EU-CRI-H100-GLOBAL,lambdalabs,3.99,16.666667
2026-09-24T11:11:56Z,fixing,EU-CRI-H100-GLOBAL,nebius,3.85,16.666667
2026-09-24T11:11:56Z,fixing,EU-CRI-H100-GLOBAL,scaleway,3.643247,16.666667
2026-09-24T11:11:56Z,fixing,EU-CRI-H100-GLOBAL,verda,3.41625,16.666667
2026-09-24T11:11:56Z,fixing,EU-CRI-H100-GLOBAL,voltagepark,1.99,16.666667
2026-09-24T11:11:56Z,fixing,EU-CRI-H100-NC,digitalocean,4.41,16.666667
2026-09-24T11:11:56Z,fixing,EU-CRI-H100-NC,lambdalabs,3.99,16.666667
2026-09-24T11:11:56Z,fixing,EU-CRI-H100-NC,nebius,3.85,16.666667
2026-09-24T11:11:56Z,fixing,EU-CRI-H100-NC,scaleway,3.643247,16.666667
2026-09-24T11:11:56Z,fixing,EU-CRI-H100-NC,seeweb,2.156679,16.666667
2026-09-24T11:11:56Z,fixing,EU-CRI-H100-NC,verda,3.41625,16.666667
2026-09-25T11:12:15Z,fixing,EU-CRI-H100,digitalocean,4.41,16.666667
2026-09-25T11:12:15Z,fixing,EU-CRI-H100,lambdalabs,3.99,16.666667
2026-09-25T11:12:15Z,fixing,EU-CRI-H100,nebius,3.85,16.666667
2026-09-25T11:12:15Z,fixing,EU-CRI-H100,scaleway,3.629199,16.666667
2026-09-25T11:12:15Z,fixing,EU-CRI-H100,seeweb,2.148363,16.666667
2026-09-25T11:12:15Z,fixing,EU-CRI-H100,verda,3.45,16.666667
2026-09-25T11:12:15Z,fixing,EU-CRI-H100-GLOBAL,digitalocean,4.41,14.285714
2026-09-25T11:12:15Z,fixing,EU-CRI-H100-GLOBAL,lambdalabs,3.99,14.285714
2026-09-25T11:12:15Z,fixing,EU-CRI-H100-GLOBAL,nebius,3.85,14.285714
2026-09-25T11:12:15Z,fixing,EU-CRI-H100-GLOBAL,scaleway,3.629199,14.285714
2026-09-25T11:12:15Z,fixing,EU-CRI-H100-GLOBAL,seeweb,2.148363,14.285714
2026-09-25T11:12:15Z,fixing,EU-CRI-H100-GLOBAL,verda,3.45,14.285714
2026-09-25T11:12:15Z,fixing,EU-CRI-H100-GLOBAL,voltagepark,1.99,14.285714
2026-09-25T11:12:15Z,fixing,EU-CRI-H100-NC,digitalocean,4.41,16.666667
2026-09-25T11:12:15Z,fixing,EU-CRI-H100-NC,lambdalabs,3.99,16.666667
2026-09-25T11:12:15Z,fixing,EU-CRI-H100-NC,nebius,3.85,16.666667
2026-09-25T11:12:15Z,fixing,EU-CRI-H100-NC,scaleway,3.629199,16.666667
2026-09-25T11:12:15Z,fixing,EU-CRI-H100-NC,seeweb,2.148363,16.666667
2026-09-25T11:12:15Z,fixing,EU-CRI-H100-NC,verda,3.45,16.666667
2026-09-26T05:14:57Z,intraday,EU-CRI-H100,digitalocean,4.41,10.0
2026-09-26T05:14:57Z,intraday,EU-CRI-H100,lambdalabs,3.99,10.0
2026-09-26T05:14:57Z,intraday,EU-CRI-H100,nebius,3.85,10.0
2026-09-26T05:14:57Z,intraday,EU-CRI-H100,runpod,3.49,20.0
2026-09-26T05:14:57Z,intraday,EU-CRI-H100,scaleway,3.640693,10.0
2026-09-26T05:14:57Z,intraday,EU-CRI-H100,seeweb,2.155167,10.0
2026-09-26T05:14:57Z,intraday,EU-CRI-H100,vast.ai,2.267037,20.0
2026-09-26T05:14:57Z,intraday,EU-CRI-H100,verda,3.485,10.0
2026-09-26T05:14:57Z,intraday,EU-CRI-H100-GLOBAL,digitalocean,4.41,9.090909
2026-09-26T05:14:57Z,intraday,EU-CRI-H100-GLOBAL,lambdalabs,3.99,9.090909
2026-09-26T05:14:57Z,intraday,EU-CRI-H100-GLOBAL,nebius,3.85,9.090909
2026-09-26T05:14:57Z,intraday,EU-CRI-H100-GLOBAL,runpod,3.49,18.181818
2026-09-26T05:14:57Z,intraday,EU-CRI-H100-GLOBAL,scaleway,3.640693,9.090909
2026-09-26T05:14:57Z,intraday,EU-CRI-H100-GLOBAL,seeweb,2.155167,9.090909
2026-09-26T05:14:57Z,intraday,EU-CRI-H100-GLOBAL,vast.ai,2.267037,18.181818
2026-09-26T05:14:57Z,intraday,EU-CRI-H100-GLOBAL,verda,3.485,9.090909
2026-09-26T05:14:57Z,intraday,EU-CRI-H100-GLOBAL,voltagepark,1.99,9.090909
2026-09-26T05:14:57Z,intraday,EU-CRI-H100-NC,digitalocean,4.41,16.666667
2026-09-26T05:14:57Z,intraday,EU-CRI-H100-NC,lambdalabs,3.99,16.666667
2026-09-26T05:14:57Z,intraday,EU-CRI-H100-NC,nebius,3.85,16.666667
2026-09-26T05:14:57Z,intraday,EU-CRI-H100-NC,scaleway,3.640693,16.666667
2026-09-26T05:14:57Z,intraday,EU-CRI-H100-NC,seeweb,2.155167,16.666667
2026-09-26T05:14:57Z,intraday,EU-CRI-H100-NC,verda,3.485,16.666667
2026-09-26T05:14:57Z,intraday,EU-CRI-H100-US,digitalocean,4.41,16.666667
2026-09-26T05:14:57Z,intraday,EU-CRI-H100-US,lambdalabs,3.99,16.666667
2026-09-26T05:14:57Z,intraday,EU-CRI-H100-US,runpod,3.49,25.0
2026-09-26T05:14:57Z,intraday,EU-CRI-H100-US,vast.ai,2.934444,25.0
2026-09-26T05:14:57Z,intraday,EU-CRI-H100-US,voltagepark,1.99,16.666667
2026-09-26T06:23:38Z,intraday,EU-CRI-H100,digitalocean,4.41,10.0
2026-09-26T06:23:38Z,intraday,EU-CRI-H100,lambdalabs,3.99,10.0
2026-09-26T06:23:38Z,intraday,EU-CRI-H100,nebius,3.85,10.0
2026-09-26T06:23:38Z,intraday,EU-CRI-H100,runpod,3.49,20.0
2026-09-26T06:23:38Z,intraday,EU-CRI-H100,scaleway,3.640693,10.0
2026-09-26T06:23:38Z,intraday,EU-CRI-H100,seeweb,2.155167,10.0
2026-09-26T06:23:38Z,intraday,EU-CRI-H100,vast.ai,2.267037,20.0
2026-09-26T06:23:38Z,intraday,EU-CRI-H100,verda,3.485,10.0
2026-09-26T06:23:38Z,intraday,EU-CRI-H100-GLOBAL,digitalocean,4.41,9.090909
2026-09-26T06:23:38Z,intraday,EU-CRI-H100-GLOBAL,lambdalabs,3.99,9.090909
2026-09-26T06:23:38Z,intraday,EU-CRI-H100-GLOBAL,nebius,3.85,9.090909
2026-09-26T06:23:38Z,intraday,EU-CRI-H100-GLOBAL,runpod,3.49,18.181818
2026-09-26T06:23:38Z,intraday,EU-CRI-H100-GLOBAL,scaleway,3.640693,9.090909
2026-09-26T06:23:38Z,intraday,EU-CRI-H100-GLOBAL,seeweb,2.155167,9.090909
2026-09-26T06:23:38Z,intraday,EU-CRI-H100-GLOBAL,vast.ai,2.777111,18.181818
2026-09-26T06:23:38Z,intraday,EU-CRI-H100-GLOBAL,verda,3.485,9.090909
2026-09-26T06:23:38Z,intraday,EU-CRI-H100-GLOBAL,voltagepark,1.99,9.090909
2026-09-26T06:23:38Z,intraday,EU-CRI-H100-NC,digitalocean,4.41,16.666667
2026-09-26T06:23:38Z,intraday,EU-CRI-H100-NC,lambdalabs,3.99,16.666667
2026-09-26T06:23:38Z,intraday,EU-CRI-H100-NC,nebius,3.85,16.666667
2026-09-26T06:23:38Z,intraday,EU-CRI-H100-NC,scaleway,3.640693,16.666667
2026-09-26T06:23:38Z,intraday,EU-CRI-H100-NC,seeweb,2.155167,16.666667
2026-09-26T06:23:38Z,intraday,EU-CRI-H100-NC,verda,3.485,16.666667
2026-09-26T06:23:38Z,intraday,EU-CRI-H100-US,digitalocean,4.41,16.666667
2026-09-26T06:23:38Z,intraday,EU-CRI-H100-US,lambdalabs,3.99,16.666667
2026-09-26T06:23:38Z,intraday,EU-CRI-H100-US,runpod,3.49,25.0
2026-09-26T06:23:38Z,intraday,EU-CRI-H100-US,vast.ai,2.933889,25.0
2026-09-26T06:23:38Z,intraday,EU-CRI-H100-US,voltagepark,1.99,16.666667
2026-09-26T07:14:35Z,intraday,EU-CRI-H100,digitalocean,4.41,10.0
2026-09-26T07:14:35Z,intraday,EU-CRI-H100,lambdalabs,3.99,10.0
2026-09-26T07:14:35Z,intraday,EU-CRI-H100,nebius,3.85,10.0
2026-09-26T07:14:35Z,intraday,EU-CRI-H100,runpod,3.49,20.0
2026-09-26T07:14:35Z,intraday,EU-CRI-H100,scaleway,3.640693,10.0
2026-09-26T07:14:35Z,intraday,EU-CRI-H100,seeweb,2.155167,10.0
2026-09-26T07:14:35Z,intraday,EU-CRI-H100,vast.ai,2.267037,20.0
2026-09-26T07:14:35Z,intraday,EU-CRI-H100,verda,3.485,10.0
2026-09-26T07:14:35Z,intraday,EU-CRI-H100-GLOBAL,digitalocean,4.41,9.090909
2026-09-26T07:14:35Z,intraday,EU-CRI-H100-GLOBAL,lambdalabs,3.99,9.090909
2026-09-26T07:14:35Z,intraday,EU-CRI-H100-GLOBAL,nebius,3.85,9.090909
2026-09-26T07:14:35Z,intraday,EU-CRI-H100-GLOBAL,runpod,3.49,18.181818
2026-09-26T07:14:35Z,intraday,EU-CRI-H100-GLOBAL,scaleway,3.640693,9.090909
2026-09-26T07:14:35Z,intraday,EU-CRI-H100-GLOBAL,seeweb,2.155167,9.090909
2026-09-26T07:14:35Z,intraday,EU-CRI-H100-GLOBAL,vast.ai,2.267037,18.181818
2026-09-26T07:14:35Z,intraday,EU-CRI-H100-GLOBAL,verda,3.485,9.090909
2026-09-26T07:14:35Z,intraday,EU-CRI-H100-GLOBAL,voltagepark,1.99,9.090909
2026-09-26T07:14:35Z,intraday,EU-CRI-H100-NC,digitalocean,4.41,16.666667
2026-09-26T07:14:35Z,intraday,EU-CRI-H100-NC,lambdalabs,3.99,16.666667
2026-09-26T07:14:35Z,intraday,EU-CRI-H100-NC,nebius,3.85,16.666667
2026-09-26T07:14:35Z,intraday,EU-CRI-H100-NC,scaleway,3.640693,16.666667
2026-09-26T07:14:35Z,intraday,EU-CRI-H100-NC,seeweb,2.155167,16.666667
2026-09-26T07:14:35Z,intraday,EU-CRI-H100-NC,verda,3.485,16.666667
2026-09-26T07:14:35Z,intraday,EU-CRI-H100-US,digitalocean,4.41,16.666667
2026-09-26T07:14:35Z,intraday,EU-CRI-H100-US,lambdalabs,3.99,16.666667
2026-09-26T07:14:35Z,intraday,EU-CRI-H100-US,runpod,3.49,25.0
2026-09-26T07:14:35Z,intraday,EU-CRI-H100-US,vast.ai,2.934444,25.0
2026-09-26T07:14:35Z,intraday,EU-CRI-H100-US,voltagepark,1.99,16.666667
2026-09-26T08:18:59Z,intraday,EU-CRI-H100,digitalocean,4.41,10.0
2026-09-26T08:18:59Z,intraday,EU-CRI-H100,lambdalabs,3.99,10.0
2026-09-26T08:18:59Z,intraday,EU-CRI-H100,nebius,3.85,10.0
2026-09-26T08:18:59Z,intraday,EU-CRI-H100,runpod,3.49,20.0
2026-09-26T08:18:59Z,intraday,EU-CRI-H100,scaleway,3.640693,10.0
2026-09-26T08:18:59Z,intraday,EU-CRI-H100,seeweb,2.155167,10.0
2026-09-26T08:18:59Z,intraday,EU-CRI-H100,vast.ai,2.267037,20.0
2026-09-26T08:18:59Z,intraday,EU-CRI-H100,verda,3.485,10.0
2026-09-26T08:18:59Z,intraday,EU-CRI-H100-GLOBAL,digitalocean,4.41,9.090909
2026-09-26T08:18:59Z,intraday,EU-CRI-H100-GLOBAL,lambdalabs,3.99,9.090909
2026-09-26T08:18:59Z,intraday,EU-CRI-H100-GLOBAL,nebius,3.85,9.090909
2026-09-26T08:18:59Z,intraday,EU-CRI-H100-GLOBAL,runpod,3.49,18.181818
2026-09-26T08:18:59Z,intraday,EU-CRI-H100-GLOBAL,scaleway,3.640693,9.090909
2026-09-26T08:18:59Z,intraday,EU-CRI-H100-GLOBAL,seeweb,2.155167,9.090909
2026-09-26T08:18:59Z,intraday,EU-CRI-H100-GLOBAL,vast.ai,2.267407,18.181818
2026-09-26T08:18:59Z,intraday,EU-CRI-H100-GLOBAL,verda,3.485,9.090909
2026-09-26T08:18:59Z,intraday,EU-CRI-H100-GLOBAL,voltagepark,1.99,9.090909
2026-09-26T08:18:59Z,intraday,EU-CRI-H100-NC,digitalocean,4.41,16.666667
2026-09-26T08:18:59Z,intraday,EU-CRI-H100-NC,lambdalabs,3.99,16.666667
2026-09-26T08:18:59Z,intraday,EU-CRI-H100-NC,nebius,3.85,16.666667
2026-09-26T08:18:59Z,intraday,EU-CRI-H100-NC,scaleway,3.640693,16.666667
2026-09-26T08:18:59Z,intraday,EU-CRI-H100-NC,seeweb,2.155167,16.666667
2026-09-26T08:18:59Z,intraday,EU-CRI-H100-NC,verda,3.485,16.666667
2026-09-26T08:18:59Z,intraday,EU-CRI-H100-US,digitalocean,4.41,16.666667
2026-09-26T08:18:59Z,intraday,EU-CRI-H100-US,lambdalabs,3.99,16.666667
2026-09-26T08:18:59Z,intraday,EU-CRI-H100-US,runpod,3.49,25.0
2026-09-26T08:18:59Z,intraday,EU-CRI-H100-US,vast.ai,2.934444,25.0
2026-09-26T08:18:59Z,intraday,EU-CRI-H100-US,voltagepark,1.99,16.666667
2026-09-26T09:14:37Z,intraday,EU-CRI-H100,digitalocean,4.41,10.0
2026-09-26T09:14:37Z,intraday,EU-CRI-H100,lambdalabs,3.99,10.0
2026-09-26T09:14:37Z,intraday,EU-CRI-H100,nebius,3.85,10.0
2026-09-26T09:14:37Z,intraday,EU-CRI-H100,runpod,3.49,20.0
2026-09-26T09:14:37Z,intraday,EU-CRI-H100,scaleway,3.640693,10.0
2026-09-26T09:14:37Z,intraday,EU-CRI-H100,seeweb,2.155167,10.0
2026-09-26T09:14:37Z,intraday,EU-CRI-H100,vast.ai,2.267037,20.0
2026-09-26T09:14:37Z,intraday,EU-CRI-H100,verda,3.485,10.0
2026-09-26T09:14:37Z,intraday,EU-CRI-H100-GLOBAL,digitalocean,4.41,9.090909
2026-09-26T09:14:37Z,intraday,EU-CRI-H100-GLOBAL,lambdalabs,3.99,9.090909
2026-09-26T09:14:37Z,intraday,EU-CRI-H100-GLOBAL,nebius,3.85,9.090909
2026-09-26T09:14:37Z,intraday,EU-CRI-H100-GLOBAL,runpod,3.49,18.181818
2026-09-26T09:14:37Z,intraday,EU-CRI-H100-GLOBAL,scaleway,3.640693,9.090909
2026-09-26T09:14:37Z,intraday,EU-CRI-H100-GLOBAL,seeweb,2.155167,9.090909
2026-09-26T09:14:37Z,intraday,EU-CRI-H100-GLOBAL,vast.ai,2.267037,18.181818
2026-09-26T09:14:37Z,intraday,EU-CRI-H100-GLOBAL,verda,3.485,9.090909
2026-09-26T09:14:37Z,intraday,EU-CRI-H100-GLOBAL,voltagepark,1.99,9.090909
2026-09-26T09:14:37Z,intraday,EU-CRI-H100-NC,digitalocean,4.41,16.666667
2026-09-26T09:14:37Z,intraday,EU-CRI-H100-NC,lambdalabs,3.99,16.666667
2026-09-26T09:14:37Z,intraday,EU-CRI-H100-NC,nebius,3.85,16.666667
2026-09-26T09:14:37Z,intraday,EU-CRI-H100-NC,scaleway,3.640693,16.666667
2026-09-26T09:14:37Z,intraday,EU-CRI-H100-NC,seeweb,2.155167,16.666667
2026-09-26T09:14:37Z,intraday,EU-CRI-H100-NC,verda,3.485,16.666667
2026-09-26T10:13:08Z,intraday,EU-CRI-H100,digitalocean,4.41,10.0
2026-09-26T10:13:08Z,intraday,EU-CRI-H100,lambdalabs,3.99,10.0
2026-09-26T10:13:08Z,intraday,EU-CRI-H100,nebius,3.85,10.0
2026-09-26T10:13:08Z,intraday,EU-CRI-H100,runpod,3.49,20.0
2026-09-26T10:13:08Z,intraday,EU-CRI-H100,scaleway,3.640693,10.0
2026-09-26T10:13:08Z,intraday,EU-CRI-H100,seeweb,2.155167,10.0
2026-09-26T10:13:08Z,intraday,EU-CRI-H100,vast.ai,2.267037,20.0
2026-09-26T10:13:08Z,intraday,EU-CRI-H100,verda,3.485,10.0
2026-09-26T10:13:08Z,intraday,EU-CRI-H100-GLOBAL,digitalocean,4.41,9.090909
2026-09-26T10:13:08Z,intraday,EU-CRI-H100-GLOBAL,lambdalabs,3.99,9.090909
2026-09-26T10:13:08Z,intraday,EU-CRI-H100-GLOBAL,nebius,3.85,9.090909
2026-09-26T10:13:08Z,intraday,EU-CRI-H100-GLOBAL,runpod,3.49,18.181818
2026-09-26T10:13:08Z,intraday,EU-CRI-H100-GLOBAL,scaleway,3.640693,9.090909
2026-09-26T10:13:08Z,intraday,EU-CRI-H100-GLOBAL,seeweb,2.155167,9.090909
2026-09-26T10:13:08Z,intraday,EU-CRI-H100-GLOBAL,vast.ai,2.267037,18.181818
2026-09-26T10:13:08Z,intraday,EU-CRI-H100-GLOBAL,verda,3.485,9.090909
2026-09-26T10:13:08Z,intraday,EU-CRI-H100-GLOBAL,voltagepark,1.99,9.090909
2026-09-26T10:13:08Z,intraday,EU-CRI-H100-NC,digitalocean,4.41,16.666667
2026-09-26T10:13:08Z,intraday,EU-CRI-H100-NC,lambdalabs,3.99,16.666667
2026-09-26T10:13:08Z,intraday,EU-CRI-H100-NC,nebius,3.85,16.666667
2026-09-26T10:13:08Z,intraday,EU-CRI-H100-NC,scaleway,3.640693,16.666667
2026-09-26T10:13:08Z,intraday,EU-CRI-H100-NC,seeweb,2.155167,16.666667
2026-09-26T10:13:08Z,intraday,EU-CRI-H100-NC,verda,3.485,16.666667
2026-09-26T11:17:42Z,fixing,EU-CRI-H100,digitalocean,4.41,10.0
2026-09-26T11:17:42Z,fixing,EU-CRI-H100,lambdalabs,3.99,10.0
2026-09-26T11:17:42Z,fixing,EU-CRI-H100,nebius,3.85,10.0
2026-09-26T11:17:42Z,fixing,EU-CRI-H100,runpod,3.49,20.0
2026-09-26T11:17:42Z,fixing,EU-CRI-H100,scaleway,3.640693,10.0
2026-09-26T11:17:42Z,fixing,EU-CRI-H100,seeweb,2.155167,10.0
2026-09-26T11:17:42Z,fixing,EU-CRI-H100,vast.ai,2.267037,20.0
2026-09-26T11:17:42Z,fixing,EU-CRI-H100,verda,3.485,10.0
2026-09-26T11:17:42Z,fixing,EU-CRI-H100-GLOBAL,digitalocean,4.41,9.090909
2026-09-26T11:17:42Z,fixing,EU-CRI-H100-GLOBAL,lambdalabs,3.99,9.090909
2026-09-26T11:17:42Z,fixing,EU-CRI-H100-GLOBAL,nebius,3.85,9.090909
2026-09-26T11:17:42Z,fixing,EU-CRI-H100-GLOBAL,runpod,3.49,18.181818
2026-09-26T11:17:42Z,fixing,EU-CRI-H100-GLOBAL,scaleway,3.640693,9.090909
2026-09-26T11:17:42Z,fixing,EU-CRI-H100-GLOBAL,seeweb,2.155167,9.090909
2026-09-26T11:17:42Z,fixing,EU-CRI-H100-GLOBAL,vast.ai,2.267037,18.181818
2026-09-26T11:17:42Z,fixing,EU-CRI-H100-GLOBAL,verda,3.485,9.090909
2026-09-26T11:17:42Z,fixing,EU-CRI-H100-GLOBAL,voltagepark,1.99,9.090909
2026-09-26T11:17:42Z,fixing,EU-CRI-H100-NC,digitalocean,4.41,16.666667
2026-09-26T11:17:42Z,fixing,EU-CRI-H100-NC,lambdalabs,3.99,16.666667
2026-09-26T11:17:42Z,fixing,EU-CRI-H100-NC,nebius,3.85,16.666667
2026-09-26T11:17:42Z,fixing,EU-CRI-H100-NC,scaleway,3.640693,16.666667
2026-09-26T11:17:42Z,fixing,EU-CRI-H100-NC,seeweb,2.155167,16.666667
2026-09-26T11:17:42Z,fixing,EU-CRI-H100-NC,verda,3.485,16.666667
2026-09-26T11:17:42Z,fixing,EU-CRI-H100-US,digitalocean,4.41,16.666667
2026-09-26T11:17:42Z,fixing,EU-CRI-H100-US,lambdalabs,3.99,16.666667
2026-09-26T11:17:42Z,fixing,EU-CRI-H100-US,runpod,3.49,25.0
2026-09-26T11:17:42Z,fixing,EU-CRI-H100-US,vast.ai,2.934444,25.0
2026-09-26T11:17:42Z,fixing,EU-CRI-H100-US,voltagepark,1.99,16.666667
2026-09-26T12:19:47Z,intraday,EU-CRI-H100,digitalocean,4.41,10.0
2026-09-26T12:19:47Z,intraday,EU-CRI-H100,lambdalabs,3.99,10.0
2026-09-26T12:19:47Z,intraday,EU-CRI-H100,nebius,3.85,10.0
2026-09-26T12:19:47Z,intraday,EU-CRI-H100,runpod,3.49,20.0
2026-09-26T12:19:47Z,intraday,EU-CRI-H100,scaleway,3.640693,10.0
2026-09-26T12:19:47Z,intraday,EU-CRI-H100,seeweb,2.155167,10.0
2026-09-26T12:19:47Z,intraday,EU-CRI-H100,vast.ai,2.267407,20.0
2026-09-26T12:19:47Z,intraday,EU-CRI-H100,verda,3.485,10.0
2026-09-26T12:19:47Z,intraday,EU-CRI-H100-GLOBAL,digitalocean,4.41,9.090909
2026-09-26T12:19:47Z,intraday,EU-CRI-H100-GLOBAL,lambdalabs,3.99,9.090909
2026-09-26T12:19:47Z,intraday,EU-CRI-H100-GLOBAL,nebius,3.85,9.090909
2026-09-26T12:19:47Z,intraday,EU-CRI-H100-GLOBAL,runpod,3.49,18.181818
2026-09-26T12:19:47Z,intraday,EU-CRI-H100-GLOBAL,scaleway,3.640693,9.090909
2026-09-26T12:19:47Z,intraday,EU-CRI-H100-GLOBAL,seeweb,2.155167,9.090909
2026-09-26T12:19:47Z,intraday,EU-CRI-H100-GLOBAL,vast.ai,2.267407,18.181818
2026-09-26T12:19:47Z,intraday,EU-CRI-H100-GLOBAL,verda,3.485,9.090909
2026-09-26T12:19:47Z,intraday,EU-CRI-H100-GLOBAL,voltagepark,1.99,9.090909
2026-09-26T12:19:47Z,intraday,EU-CRI-H100-NC,digitalocean,4.41,16.666667
2026-09-26T12:19:47Z,intraday,EU-CRI-H100-NC,lambdalabs,3.99,16.666667
2026-09-26T12:19:47Z,intraday,EU-CRI-H100-NC,nebius,3.85,16.666667
2026-09-26T12:19:47Z,intraday,EU-CRI-H100-NC,scaleway,3.640693,16.666667
2026-09-26T12:19:47Z,intraday,EU-CRI-H100-NC,seeweb,2.155167,16.666667
2026-09-26T12:19:47Z,intraday,EU-CRI-H100-NC,verda,3.485,16.666667
2026-09-26T12:19:47Z,intraday,EU-CRI-H100-US,digitalocean,4.41,16.666667
2026-09-26T12:19:47Z,intraday,EU-CRI-H100-US,lambdalabs,3.99,16.666667
2026-09-26T12:19:47Z,intraday,EU-CRI-H100-US,runpod,3.49,25.0
2026-09-26T12:19:47Z,intraday,EU-CRI-H100-US,vast.ai,2.933889,25.0
2026-09-26T12:19:47Z,intraday,EU-CRI-H100-US,voltagepark,1.99,16.666667
2026-09-26T13:12:10Z,intraday,EU-CRI-H100,digitalocean,4.41,10.0
2026-09-26T13:12:10Z,intraday,EU-CRI-H100,lambdalabs,3.99,10.0
2026-09-26T13:12:10Z,intraday,EU-CRI-H100,nebius,3.85,10.0
2026-09-26T13:12:10Z,intraday,EU-CRI-H100,runpod,3.49,20.0
2026-09-26T13:12:10Z,intraday,EU-CRI-H100,scaleway,3.640693,10.0
2026-09-26T13:12:10Z,intraday,EU-CRI-H100,seeweb,2.155167,10.0
2026-09-26T13:12:10Z,intraday,EU-CRI-H100,vast.ai,2.267037,20.0
2026-09-26T13:12:10Z,intraday,EU-CRI-H100,verda,3.485,10.0
2026-09-26T13:12:10Z,intraday,EU-CRI-H100-GLOBAL,digitalocean,4.41,9.090909
2026-09-26T13:12:10Z,intraday,EU-CRI-H100-GLOBAL,lambdalabs,3.99,9.090909
2026-09-26T13:12:10Z,intraday,EU-CRI-H100-GLOBAL,nebius,3.85,9.090909
2026-09-26T13:12:10Z,intraday,EU-CRI-H100-GLOBAL,runpod,3.49,18.181818
2026-09-26T13:12:10Z,intraday,EU-CRI-H100-GLOBAL,scaleway,3.640693,9.090909
2026-09-26T13:12:10Z,intraday,EU-CRI-H100-GLOBAL,seeweb,2.155167,9.090909
2026-09-26T13:12:10Z,intraday,EU-CRI-H100-GLOBAL,vast.ai,2.267407,18.181818
2026-09-26T13:12:10Z,intraday,EU-CRI-H100-GLOBAL,verda,3.485,9.090909
2026-09-26T13:12:10Z,intraday,EU-CRI-H100-GLOBAL,voltagepark,1.99,9.090909
2026-09-26T13:12:10Z,intraday,EU-CRI-H100-NC,digitalocean,4.41,16.666667
2026-09-26T13:12:10Z,intraday,EU-CRI-H100-NC,lambdalabs,3.99,16.666667
2026-09-26T13:12:10Z,intraday,EU-CRI-H100-NC,nebius,3.85,16.666667
2026-09-26T13:12:10Z,intraday,EU-CRI-H100-NC,scaleway,3.640693,16.666667
2026-09-26T13:12:10Z,intraday,EU-CRI-H100-NC,seeweb,2.155167,16.666667
2026-09-26T13:12:10Z,intraday,EU-CRI-H100-NC,verda,3.485,16.666667
2026-09-26T13:12:10Z,intraday,EU-CRI-H100-US,digitalocean,4.41,16.666667
2026-09-26T13:12:10Z,intraday,EU-CRI-H100-US,lambdalabs,3.99,16.666667
2026-09-26T13:12:10Z,intraday,EU-CRI-H100-US,runpod,3.49,25.0
2026-09-26T13:12:10Z,intraday,EU-CRI-H100-US,vast.ai,2.934444,25.0
2026-09-26T13:12:10Z,intraday,EU-CRI-H100-US,voltagepark,1.99,16.666667
2026-09-26T14:13:18Z,intraday,EU-CRI-H100,digitalocean,4.41,10.0
2026-09-26T14:13:18Z,intraday,EU-CRI-H100,lambdalabs,3.99,10.0
2026-09-26T14:13:18Z,intraday,EU-CRI-H100,nebius,3.85,10.0
2026-09-26T14:13:18Z,intraday,EU-CRI-H100,runpod,3.49,20.0
2026-09-26T14:13:18Z,intraday,EU-CRI-H100,scaleway,3.640693,10.0
2026-09-26T14:13:18Z,intraday,EU-CRI-H100,seeweb,2.155167,10.0
2026-09-26T14:13:18Z,intraday,EU-CRI-H100,vast.ai,2.267407,20.0
2026-09-26T14:13:18Z,intraday,EU-CRI-H100,verda,3.485,10.0
2026-09-26T14:13:18Z,intraday,EU-CRI-H100-GLOBAL,digitalocean,4.41,9.090909
2026-09-26T14:13:18Z,intraday,EU-CRI-H100-GLOBAL,lambdalabs,3.99,9.090909
2026-09-26T14:13:18Z,intraday,EU-CRI-H100-GLOBAL,nebius,3.85,9.090909
2026-09-26T14:13:18Z,intraday,EU-CRI-H100-GLOBAL,runpod,3.49,18.181818
2026-09-26T14:13:18Z,intraday,EU-CRI-H100-GLOBAL,scaleway,3.640693,9.090909
2026-09-26T14:13:18Z,intraday,EU-CRI-H100-GLOBAL,seeweb,2.155167,9.090909
2026-09-26T14:13:18Z,intraday,EU-CRI-H100-GLOBAL,vast.ai,2.267407,18.181818
2026-09-26T14:13:18Z,intraday,EU-CRI-H100-GLOBAL,verda,3.485,9.090909
2026-09-26T14:13:18Z,intraday,EU-CRI-H100-GLOBAL,voltagepark,1.99,9.090909
2026-09-26T14:13:18Z,intraday,EU-CRI-H100-NC,digitalocean,4.41,16.666667
2026-09-26T14:13:18Z,intraday,EU-CRI-H100-NC,lambdalabs,3.99,16.666667
2026-09-26T14:13:18Z,intraday,EU-CRI-H100-NC,nebius,3.85,16.666667
2026-09-26T14:13:18Z,intraday,EU-CRI-H100-NC,scaleway,3.640693,16.666667
2026-09-26T14:13:18Z,intraday,EU-CRI-H100-NC,seeweb,2.155167,16.666667
2026-09-26T14:13:18Z,intraday,EU-CRI-H100-NC,verda,3.485,16.666667
2026-09-26T14:13:18Z,intraday,EU-CRI-H100-US,digitalocean,4.41,16.666667
2026-09-26T14:13:18Z,intraday,EU-CRI-H100-US,lambdalabs,3.99,16.666667
2026-09-26T14:13:18Z,intraday,EU-CRI-H100-US,runpod,3.49,25.0
2026-09-26T14:13:18Z,intraday,EU-CRI-H100-US,vast.ai,2.934444,25.0
2026-09-26T14:13:18Z,intraday,EU-CRI-H100-US,voltagepark,1.99,16.666667
2026-09-26T15:13:01Z,intraday,EU-CRI-H100,digitalocean,4.41,10.0
2026-09-26T15:13:01Z,intraday,EU-CRI-H100,lambdalabs,3.99,10.0
2026-09-26T15:13:01Z,intraday,EU-CRI-H100,nebius,3.85,10.0
2026-09-26T15:13:01Z,intraday,EU-CRI-H100,runpod,3.49,20.0
2026-09-26T15:13:01Z,intraday,EU-CRI-H100,scaleway,3.640693,10.0
2026-09-26T15:13:01Z,intraday,EU-CRI-H100,seeweb,2.155167,10.0
2026-09-26T15:13:01Z,intraday,EU-CRI-H100,vast.ai,2.267407,20.0
2026-09-26T15:13:01Z,intraday,EU-CRI-H100,verda,3.485,10.0
2026-09-26T15:13:01Z,intraday,EU-CRI-H100-GLOBAL,digitalocean,4.41,9.090909
2026-09-26T15:13:01Z,intraday,EU-CRI-H100-GLOBAL,lambdalabs,3.99,9.090909
2026-09-26T15:13:01Z,intraday,EU-CRI-H100-GLOBAL,nebius,3.85,9.090909
2026-09-26T15:13:01Z,intraday,EU-CRI-H100-GLOBAL,runpod,3.49,18.181818
2026-09-26T15:13:01Z,intraday,EU-CRI-H100-GLOBAL,scaleway,3.640693,9.090909
2026-09-26T15:13:01Z,intraday,EU-CRI-H100-GLOBAL,seeweb,2.155167,9.090909
2026-09-26T15:13:01Z,intraday,EU-CRI-H100-GLOBAL,vast.ai,2.267407,18.181818
2026-09-26T15:13:01Z,intraday,EU-CRI-H100-GLOBAL,verda,3.485,9.090909
2026-09-26T15:13:01Z,intraday,EU-CRI-H100-GLOBAL,voltagepark,1.99,9.090909
2026-09-26T15:13:01Z,intraday,EU-CRI-H100-NC,digitalocean,4.41,16.666667
2026-09-26T15:13:01Z,intraday,EU-CRI-H100-NC,lambdalabs,3.99,16.666667
2026-09-26T15:13:01Z,intraday,EU-CRI-H100-NC,nebius,3.85,16.666667
2026-09-26T15:13:01Z,intraday,EU-CRI-H100-NC,scaleway,3.640693,16.666667
2026-09-26T15:13:01Z,intraday,EU-CRI-H100-NC,seeweb,2.155167,16.666667
2026-09-26T15:13:01Z,intraday,EU-CRI-H100-NC,verda,3.485,16.666667
2026-09-26T15:13:01Z,intraday,EU-CRI-H100-US,digitalocean,4.41,16.666667
2026-09-26T15:13:01Z,intraday,EU-CRI-H100-US,lambdalabs,3.99,16.666667
2026-09-26T15:13:01Z,intraday,EU-CRI-H100-US,runpod,3.49,25.0
2026-09-26T15:13:01Z,intraday,EU-CRI-H100-US,vast.ai,2.933889,25.0
2026-09-26T15:13:01Z,intraday,EU-CRI-H100-US,voltagepark,1.99,16.666667
2026-09-26T16:15:16Z,intraday,EU-CRI-H100,digitalocean,4.41,10.0
2026-09-26T16:15:16Z,intraday,EU-CRI-H100,lambdalabs,3.99,10.0
2026-09-26T16:15:16Z,intraday,EU-CRI-H100,nebius,3.85,10.0
2026-09-26T16:15:16Z,intraday,EU-CRI-H100,runpod,3.49,20.0
2026-09-26T16:15:16Z,intraday,EU-CRI-H100,scaleway,3.640693,10.0
2026-09-26T16:15:16Z,intraday,EU-CRI-H100,seeweb,2.155167,10.0
2026-09-26T16:15:16Z,intraday,EU-CRI-H100,vast.ai,2.267407,20.0
2026-09-26T16:15:16Z,intraday,EU-CRI-H100,verda,3.485,10.0
2026-09-26T16:15:16Z,intraday,EU-CRI-H100-GLOBAL,digitalocean,4.41,9.090909
2026-09-26T16:15:16Z,intraday,EU-CRI-H100-GLOBAL,lambdalabs,3.99,9.090909
2026-09-26T16:15:16Z,intraday,EU-CRI-H100-GLOBAL,nebius,3.85,9.090909
2026-09-26T16:15:16Z,intraday,EU-CRI-H100-GLOBAL,runpod,3.49,18.181818
2026-09-26T16:15:16Z,intraday,EU-CRI-H100-GLOBAL,scaleway,3.640693,9.090909
2026-09-26T16:15:16Z,intraday,EU-CRI-H100-GLOBAL,seeweb,2.155167,9.090909
2026-09-26T16:15:16Z,intraday,EU-CRI-H100-GLOBAL,vast.ai,2.267407,18.181818
2026-09-26T16:15:16Z,intraday,EU-CRI-H100-GLOBAL,verda,3.485,9.090909
2026-09-26T16:15:16Z,intraday,EU-CRI-H100-GLOBAL,voltagepark,1.99,9.090909
2026-09-26T16:15:16Z,intraday,EU-CRI-H100-NC,digitalocean,4.41,16.666667
2026-09-26T16:15:16Z,intraday,EU-CRI-H100-NC,lambdalabs,3.99,16.666667
2026-09-26T16:15:16Z,intraday,EU-CRI-H100-NC,nebius,3.85,16.666667
2026-09-26T16:15:16Z,intraday,EU-CRI-H100-NC,scaleway,3.640693,16.666667
2026-09-26T16:15:16Z,intraday,EU-CRI-H100-NC,seeweb,2.155167,16.666667
2026-09-26T16:15:16Z,intraday,EU-CRI-H100-NC,verda,3.485,16.666667
2026-09-26T16:15:16Z,intraday,EU-CRI-H100-US,digitalocean,4.41,16.666667
2026-09-26T16:15:16Z,intraday,EU-CRI-H100-US,lambdalabs,3.99,16.666667
2026-09-26T16:15:16Z,intraday,EU-CRI-H100-US,runpod,3.49,25.0
2026-09-26T16:15:16Z,intraday,EU-CRI-H100-US,vast.ai,2.933889,25.0
2026-09-26T16:15:16Z,intraday,EU-CRI-H100-US,voltagepark,1.99,16.666667
2026-09-26T17:12:11Z,intraday,EU-CRI-H100,digitalocean,4.41,10.0
2026-09-26T17:12:11Z,intraday,EU-CRI-H100,lambdalabs,3.99,10.0
2026-09-26T17:12:11Z,intraday,EU-CRI-H100,nebius,3.85,10.0
2026-09-26T17:12:11Z,intraday,EU-CRI-H100,runpod,3.49,20.0
2026-09-26T17:12:11Z,intraday,EU-CRI-H100,scaleway,3.640693,10.0
2026-09-26T17:12:11Z,intraday,EU-CRI-H100,seeweb,2.155167,10.0
2026-09-26T17:12:11Z,intraday,EU-CRI-H100,vast.ai,2.267407,20.0
2026-09-26T17:12:11Z,intraday,EU-CRI-H100,verda,3.485,10.0
2026-09-26T17:12:11Z,intraday,EU-CRI-H100-GLOBAL,digitalocean,4.41,9.090909
2026-09-26T17:12:11Z,intraday,EU-CRI-H100-GLOBAL,lambdalabs,3.99,9.090909
2026-09-26T17:12:11Z,intraday,EU-CRI-H100-GLOBAL,nebius,3.85,9.090909
2026-09-26T17:12:11Z,intraday,EU-CRI-H100-GLOBAL,runpod,3.49,18.181818
2026-09-26T17:12:11Z,intraday,EU-CRI-H100-GLOBAL,scaleway,3.640693,9.090909
2026-09-26T17:12:11Z,intraday,EU-CRI-H100-GLOBAL,seeweb,2.155167,9.090909
2026-09-26T17:12:11Z,intraday,EU-CRI-H100-GLOBAL,vast.ai,2.267407,18.181818
2026-09-26T17:12:11Z,intraday,EU-CRI-H100-GLOBAL,verda,3.485,9.090909
2026-09-26T17:12:11Z,intraday,EU-CRI-H100-GLOBAL,voltagepark,1.99,9.090909
2026-09-26T17:12:11Z,intraday,EU-CRI-H100-NC,digitalocean,4.41,16.666667
2026-09-26T17:12:11Z,intraday,EU-CRI-H100-NC,lambdalabs,3.99,16.666667
2026-09-26T17:12:11Z,intraday,EU-CRI-H100-NC,nebius,3.85,16.666667
2026-09-26T17:12:11Z,intraday,EU-CRI-H100-NC,scaleway,3.640693,16.666667
2026-09-26T17:12:11Z,intraday,EU-CRI-H100-NC,seeweb,2.155167,16.666667
2026-09-26T17:12:11Z,intraday,EU-CRI-H100-NC,verda,3.485,16.666667
2026-09-26T17:12:11Z,intraday,EU-CRI-H100-US,digitalocean,4.41,16.666667
2026-09-26T17:12:11Z,intraday,EU-CRI-H100-US,lambdalabs,3.99,16.666667
2026-09-26T17:12:11Z,intraday,EU-CRI-H100-US,runpod,3.49,25.0
2026-09-26T17:12:11Z,intraday,EU-CRI-H100-US,vast.ai,2.934444,25.0
2026-09-26T17:12:11Z,intraday,EU-CRI-H100-US,voltagepark,1.99,16.666667
2026-09-26T18:16:53Z,intraday,EU-CRI-H100,digitalocean,4.41,10.0
2026-09-26T18:16:53Z,intraday,EU-CRI-H100,lambdalabs,3.99,10.0
2026-09-26T18:16:53Z,intraday,EU-CRI-H100,nebius,3.85,10.0
2026-09-26T18:16:53Z,intraday,EU-CRI-H100,runpod,3.49,20.0
2026-09-26T18:16:53Z,intraday,EU-CRI-H100,scaleway,3.640693,10.0
2026-09-26T18:16:53Z,intraday,EU-CRI-H100,seeweb,2.155167,10.0
2026-09-26T18:16:53Z,intraday,EU-CRI-H100,vast.ai,2.267037,20.0
2026-09-26T18:16:53Z,intraday,EU-CRI-H100,verda,3.485,10.0
2026-09-26T18:16:53Z,intraday,EU-CRI-H100-GLOBAL,digitalocean,4.41,9.090909
2026-09-26T18:16:53Z,intraday,EU-CRI-H100-GLOBAL,lambdalabs,3.99,9.090909
2026-09-26T18:16:53Z,intraday,EU-CRI-H100-GLOBAL,nebius,3.85,9.090909
2026-09-26T18:16:53Z,intraday,EU-CRI-H100-GLOBAL,runpod,3.49,18.181818
2026-09-26T18:16:53Z,intraday,EU-CRI-H100-GLOBAL,scaleway,3.640693,9.090909
2026-09-26T18:16:53Z,intraday,EU-CRI-H100-GLOBAL,seeweb,2.155167,9.090909
2026-09-26T18:16:53Z,intraday,EU-CRI-H100-GLOBAL,vast.ai,2.267407,18.181818
2026-09-26T18:16:53Z,intraday,EU-CRI-H100-GLOBAL,verda,3.485,9.090909
2026-09-26T18:16:53Z,intraday,EU-CRI-H100-GLOBAL,voltagepark,1.99,9.090909
2026-09-26T18:16:53Z,intraday,EU-CRI-H100-NC,digitalocean,4.41,16.666667
2026-09-26T18:16:53Z,intraday,EU-CRI-H100-NC,lambdalabs,3.99,16.666667
2026-09-26T18:16:53Z,intraday,EU-CRI-H100-NC,nebius,3.85,16.666667
2026-09-26T18:16:53Z,intraday,EU-CRI-H100-NC,scaleway,3.640693,16.666667
2026-09-26T18:16:53Z,intraday,EU-CRI-H100-NC,seeweb,2.155167,16.666667
2026-09-26T18:16:53Z,intraday,EU-CRI-H100-NC,verda,3.485,16.666667
2026-09-26T18:16:53Z,intraday,EU-CRI-H100-US,digitalocean,4.41,16.666667
2026-09-26T18:16:53Z,intraday,EU-CRI-H100-US,lambdalabs,3.99,16.666667
2026-09-26T18:16:53Z,intraday,EU-CRI-H100-US,runpod,3.49,25.0
2026-09-26T18:16:53Z,intraday,EU-CRI-H100-US,vast.ai,2.933889,25.0
2026-09-26T18:16:53Z,intraday,EU-CRI-H100-US,voltagepark,1.99,16.666667
2026-09-26T19:11:18Z,intraday,EU-CRI-H100,digitalocean,4.41,10.0
2026-09-26T19:11:18Z,intraday,EU-CRI-H100,lambdalabs,3.99,10.0
2026-09-26T19:11:18Z,intraday,EU-CRI-H100,nebius,3.85,10.0
2026-09-26T19:11:18Z,intraday,EU-CRI-H100,runpod,3.49,20.0
2026-09-26T19:11:18Z,intraday,EU-CRI-H100,scaleway,3.640693,10.0
2026-09-26T19:11:18Z,intraday,EU-CRI-H100,seeweb,2.155167,10.0
2026-09-26T19:11:18Z,intraday,EU-CRI-H100,vast.ai,2.267037,20.0
2026-09-26T19:11:18Z,intraday,EU-CRI-H100,verda,3.485,10.0
2026-09-26T19:11:18Z,intraday,EU-CRI-H100-GLOBAL,digitalocean,4.41,9.090909
2026-09-26T19:11:18Z,intraday,EU-CRI-H100-GLOBAL,lambdalabs,3.99,9.090909
2026-09-26T19:11:18Z,intraday,EU-CRI-H100-GLOBAL,nebius,3.85,9.090909
2026-09-26T19:11:18Z,intraday,EU-CRI-H100-GLOBAL,runpod,3.49,18.181818
2026-09-26T19:11:18Z,intraday,EU-CRI-H100-GLOBAL,scaleway,3.640693,9.090909
2026-09-26T19:11:18Z,intraday,EU-CRI-H100-GLOBAL,seeweb,2.155167,9.090909
2026-09-26T19:11:18Z,intraday,EU-CRI-H100-GLOBAL,vast.ai,2.933889,18.181818
2026-09-26T19:11:18Z,intraday,EU-CRI-H100-GLOBAL,verda,3.485,9.090909
2026-09-26T19:11:18Z,intraday,EU-CRI-H100-GLOBAL,voltagepark,1.99,9.090909
2026-09-26T19:11:18Z,intraday,EU-CRI-H100-NC,digitalocean,4.41,16.666667
2026-09-26T19:11:18Z,intraday,EU-CRI-H100-NC,lambdalabs,3.99,16.666667
2026-09-26T19:11:18Z,intraday,EU-CRI-H100-NC,nebius,3.85,16.666667
2026-09-26T19:11:18Z,intraday,EU-CRI-H100-NC,scaleway,3.640693,16.666667
2026-09-26T19:11:18Z,intraday,EU-CRI-H100-NC,seeweb,2.155167,16.666667
2026-09-26T19:11:18Z,intraday,EU-CRI-H100-NC,verda,3.485,16.666667
2026-09-26T19:11:18Z,intraday,EU-CRI-H100-US,digitalocean,4.41,16.666667
2026-09-26T19:11:18Z,intraday,EU-CRI-H100-US,lambdalabs,3.99,16.666667
2026-09-26T19:11:18Z,intraday,EU-CRI-H100-US,runpod,3.49,25.0
2026-09-26T19:11:18Z,intraday,EU-CRI-H100-US,vast.ai,2.933889,25.0
2026-09-26T19:11:18Z,intraday,EU-CRI-H100-US,voltagepark,1.99,16.666667
2026-09-26T20:13:19Z,intraday,EU-CRI-H100,digitalocean,4.41,10.0
2026-09-26T20:13:19Z,intraday,EU-CRI-H100,lambdalabs,3.99,10.0
2026-09-26T20:13:19Z,intraday,EU-CRI-H100,nebius,3.85,10.0
2026-09-26T20:13:19Z,intraday,EU-CRI-H100,runpod,3.49,20.0
2026-09-26T20:13:19Z,intraday,EU-CRI-H100,scaleway,3.640693,10.0
2026-09-26T20:13:19Z,intraday,EU-CRI-H100,seeweb,2.155167,10.0
2026-09-26T20:13:19Z,intraday,EU-CRI-H100,vast.ai,2.267037,20.0
2026-09-26T20:13:19Z,intraday,EU-CRI-H100,verda,3.52,10.0
2026-09-26T20:13:19Z,intraday,EU-CRI-H100-GLOBAL,digitalocean,4.41,9.090909
2026-09-26T20:13:19Z,intraday,EU-CRI-H100-GLOBAL,lambdalabs,3.99,9.090909
2026-09-26T20:13:19Z,intraday,EU-CRI-H100-GLOBAL,nebius,3.85,9.090909
2026-09-26T20:13:19Z,intraday,EU-CRI-H100-GLOBAL,runpod,3.49,18.181818
2026-09-26T20:13:19Z,intraday,EU-CRI-H100-GLOBAL,scaleway,3.640693,9.090909
2026-09-26T20:13:19Z,intraday,EU-CRI-H100-GLOBAL,seeweb,2.155167,9.090909
2026-09-26T20:13:19Z,intraday,EU-CRI-H100-GLOBAL,vast.ai,2.267407,18.181818
2026-09-26T20:13:19Z,intraday,EU-CRI-H100-GLOBAL,verda,3.52,9.090909
2026-09-26T20:13:19Z,intraday,EU-CRI-H100-GLOBAL,voltagepark,1.99,9.090909
2026-09-26T20:13:19Z,intraday,EU-CRI-H100-NC,digitalocean,4.41,16.666667
2026-09-26T20:13:19Z,intraday,EU-CRI-H100-NC,lambdalabs,3.99,16.666667
2026-09-26T20:13:19Z,intraday,EU-CRI-H100-NC,nebius,3.85,16.666667
2026-09-26T20:13:19Z,intraday,EU-CRI-H100-NC,scaleway,3.640693,16.666667
2026-09-26T20:13:19Z,intraday,EU-CRI-H100-NC,seeweb,2.155167,16.666667
2026-09-26T20:13:19Z,intraday,EU-CRI-H100-NC,verda,3.52,16.666667
2026-09-26T20:13:19Z,intraday,EU-CRI-H100-US,digitalocean,4.41,16.666667
2026-09-26T20:13:19Z,intraday,EU-CRI-H100-US,lambdalabs,3.99,16.666667
2026-09-26T20:13:19Z,intraday,EU-CRI-H100-US,runpod,3.49,25.0
2026-09-26T20:13:19Z,intraday,EU-CRI-H100-US,vast.ai,2.934444,25.0
2026-09-26T20:13:19Z,intraday,EU-CRI-H100-US,voltagepark,1.99,16.666667
2026-09-26T21:12:26Z,intraday,EU-CRI-H100,digitalocean,4.41,10.0
2026-09-26T21:12:26Z,intraday,EU-CRI-H100,lambdalabs,3.99,10.0
2026-09-26T21:12:26Z,intraday,EU-CRI-H100,nebius,3.85,10.0
2026-09-26T21:12:26Z,intraday,EU-CRI-H100,runpod,3.49,20.0
2026-09-26T21:12:26Z,intraday,EU-CRI-H100,scaleway,3.640693,10.0
2026-09-26T21:12:26Z,intraday,EU-CRI-H100,seeweb,2.155167,10.0
2026-09-26T21:12:26Z,intraday,EU-CRI-H100,vast.ai,2.267037,20.0
2026-09-26T21:12:26Z,intraday,EU-CRI-H100,verda,3.52,10.0
2026-09-26T21:12:26Z,intraday,EU-CRI-H100-GLOBAL,digitalocean,4.41,9.090909
2026-09-26T21:12:26Z,intraday,EU-CRI-H100-GLOBAL,lambdalabs,3.99,9.090909
2026-09-26T21:12:26Z,intraday,EU-CRI-H100-GLOBAL,nebius,3.85,9.090909
2026-09-26T21:12:26Z,intraday,EU-CRI-H100-GLOBAL,runpod,3.49,18.181818
2026-09-26T21:12:26Z,intraday,EU-CRI-H100-GLOBAL,scaleway,3.640693,9.090909
2026-09-26T21:12:26Z,intraday,EU-CRI-H100-GLOBAL,seeweb,2.155167,9.090909
2026-09-26T21:12:26Z,intraday,EU-CRI-H100-GLOBAL,vast.ai,2.267037,18.181818
2026-09-26T21:12:26Z,intraday,EU-CRI-H100-GLOBAL,verda,3.52,9.090909
2026-09-26T21:12:26Z,intraday,EU-CRI-H100-GLOBAL,voltagepark,1.99,9.090909
2026-09-26T21:12:26Z,intraday,EU-CRI-H100-NC,digitalocean,4.41,16.666667
2026-09-26T21:12:26Z,intraday,EU-CRI-H100-NC,lambdalabs,3.99,16.666667
2026-09-26T21:12:26Z,intraday,EU-CRI-H100-NC,nebius,3.85,16.666667
2026-09-26T21:12:26Z,intraday,EU-CRI-H100-NC,scaleway,3.640693,16.666667
2026-09-26T21:12:26Z,intraday,EU-CRI-H100-NC,seeweb,2.155167,16.666667
2026-09-26T21:12:26Z,intraday,EU-CRI-H100-NC,verda,3.52,16.666667
2026-09-26T21:12:26Z,intraday,EU-CRI-H100-US,digitalocean,4.41,16.666667
2026-09-26T21:12:26Z,intraday,EU-CRI-H100-US,lambdalabs,3.99,16.666667
2026-09-26T21:12:26Z,intraday,EU-CRI-H100-US,runpod,3.49,25.0
2026-09-26T21:12:26Z,intraday,EU-CRI-H100-US,vast.ai,2.934444,25.0
2026-09-26T21:12:26Z,intraday,EU-CRI-H100-US,voltagepark,1.99,16.666667
2026-09-26T22:13:27Z,intraday,EU-CRI-H100,digitalocean,4.41,10.0
2026-09-26T22:13:27Z,intraday,EU-CRI-H100,lambdalabs,3.99,10.0
2026-09-26T22:13:27Z,intraday,EU-CRI-H100,nebius,3.85,10.0
2026-09-26T22:13:27Z,intraday,EU-CRI-H100,runpod,3.49,20.0
2026-09-26T22:13:27Z,intraday,EU-CRI-H100,scaleway,3.640693,10.0
2026-09-26T22:13:27Z,intraday,EU-CRI-H100,seeweb,2.155167,10.0
2026-09-26T22:13:27Z,intraday,EU-CRI-H100,vast.ai,2.267037,20.0
2026-09-26T22:13:27Z,intraday,EU-CRI-H100,verda,3.52,10.0
2026-09-26T22:13:27Z,intraday,EU-CRI-H100-GLOBAL,digitalocean,4.41,9.090909
2026-09-26T22:13:27Z,intraday,EU-CRI-H100-GLOBAL,lambdalabs,3.99,9.090909
2026-09-26T22:13:27Z,intraday,EU-CRI-H100-GLOBAL,nebius,3.85,9.090909
2026-09-26T22:13:27Z,intraday,EU-CRI-H100-GLOBAL,runpod,3.49,18.181818
2026-09-26T22:13:27Z,intraday,EU-CRI-H100-GLOBAL,scaleway,3.640693,9.090909
2026-09-26T22:13:27Z,intraday,EU-CRI-H100-GLOBAL,seeweb,2.155167,9.090909
2026-09-26T22:13:27Z,intraday,EU-CRI-H100-GLOBAL,vast.ai,2.267407,18.181818
2026-09-26T22:13:27Z,intraday,EU-CRI-H100-GLOBAL,verda,3.52,9.090909
2026-09-26T22:13:27Z,intraday,EU-CRI-H100-GLOBAL,voltagepark,1.99,9.090909
2026-09-26T22:13:27Z,intraday,EU-CRI-H100-NC,digitalocean,4.41,16.666667
2026-09-26T22:13:27Z,intraday,EU-CRI-H100-NC,lambdalabs,3.99,16.666667
2026-09-26T22:13:27Z,intraday,EU-CRI-H100-NC,nebius,3.85,16.666667
2026-09-26T22:13:27Z,intraday,EU-CRI-H100-NC,scaleway,3.640693,16.666667
2026-09-26T22:13:27Z,intraday,EU-CRI-H100-NC,seeweb,2.155167,16.666667
2026-09-26T22:13:27Z,intraday,EU-CRI-H100-NC,verda,3.52,16.666667
2026-09-26T22:13:27Z,intraday,EU-CRI-H100-US,digitalocean,4.41,16.666667
2026-09-26T22:13:27Z,intraday,EU-CRI-H100-US,lambdalabs,3.99,16.666667
2026-09-26T22:13:27Z,intraday,EU-CRI-H100-US,runpod,3.49,25.0
2026-09-26T22:13:27Z,intraday,EU-CRI-H100-US,vast.ai,2.934444,25.0
2026-09-26T22:13:27Z,intraday,EU-CRI-H100-US,voltagepark,1.99,16.666667
2026-09-26T23:12:54Z,intraday,EU-CRI-H100,digitalocean,4.41,10.0
2026-09-26T23:12:54Z,intraday,EU-CRI-H100,lambdalabs,3.99,10.0
2026-09-26T23:12:54Z,intraday,EU-CRI-H100,nebius,3.85,10.0
2026-09-26T23:12:54Z,intraday,EU-CRI-H100,runpod,3.49,20.0
2026-09-26T23:12:54Z,intraday,EU-CRI-H100,scaleway,3.640693,10.0
2026-09-26T23:12:54Z,intraday,EU-CRI-H100,seeweb,2.155167,10.0
2026-09-26T23:12:54Z,intraday,EU-CRI-H100,vast.ai,2.267037,20.0
2026-09-26T23:12:54Z,intraday,EU-CRI-H100,verda,3.52,10.0
2026-09-26T23:12:54Z,intraday,EU-CRI-H100-GLOBAL,digitalocean,4.41,9.090909
2026-09-26T23:12:54Z,intraday,EU-CRI-H100-GLOBAL,lambdalabs,3.99,9.090909
2026-09-26T23:12:54Z,intraday,EU-CRI-H100-GLOBAL,nebius,3.85,9.090909
2026-09-26T23:12:54Z,intraday,EU-CRI-H100-GLOBAL,runpod,3.49,18.181818
2026-09-26T23:12:54Z,intraday,EU-CRI-H100-GLOBAL,scaleway,3.640693,9.090909
2026-09-26T23:12:54Z,intraday,EU-CRI-H100-GLOBAL,seeweb,2.155167,9.090909
2026-09-26T23:12:54Z,intraday,EU-CRI-H100-GLOBAL,vast.ai,2.267037,18.181818
2026-09-26T23:12:54Z,intraday,EU-CRI-H100-GLOBAL,verda,3.52,9.090909
2026-09-26T23:12:54Z,intraday,EU-CRI-H100-GLOBAL,voltagepark,1.99,9.090909
2026-09-26T23:12:54Z,intraday,EU-CRI-H100-NC,digitalocean,4.41,16.666667
2026-09-26T23:12:54Z,intraday,EU-CRI-H100-NC,lambdalabs,3.99,16.666667
2026-09-26T23:12:54Z,intraday,EU-CRI-H100-NC,nebius,3.85,16.666667
2026-09-26T23:12:54Z,intraday,EU-CRI-H100-NC,scaleway,3.640693,16.666667
2026-09-26T23:12:54Z,intraday,EU-CRI-H100-NC,seeweb,2.155167,16.666667
2026-09-26T23:12:54Z,intraday,EU-CRI-H100-NC,verda,3.52,16.666667
2026-09-26T23:12:54Z,intraday,EU-CRI-H100-US,digitalocean,4.41,16.666667
2026-09-26T23:12:54Z,intraday,EU-CRI-H100-US,lambdalabs,3.99,16.666667
2026-09-26T23:12:54Z,intraday,EU-CRI-H100-US,runpod,3.49,25.0
2026-09-26T23:12:54Z,intraday,EU-CRI-H100-US,vast.ai,2.934444,25.0
2026-09-26T23:12:54Z,intraday,EU-CRI-H100-US,voltagepark,1.99,16.666667
2026-09-27T00:46:01Z,intraday,EU-CRI-H100,digitalocean,4.41,10.0
2026-09-27T00:46:01Z,intraday,EU-CRI-H100,lambdalabs,3.99,10.0
2026-09-27T00:46:01Z,intraday,EU-CRI-H100,nebius,3.85,10.0
2026-09-27T00:46:01Z,intraday,EU-CRI-H100,runpod,3.49,20.0
2026-09-27T00:46:01Z,intraday,EU-CRI-H100,scaleway,3.640693,10.0
2026-09-27T00:46:01Z,intraday,EU-CRI-H100,seeweb,2.155167,10.0
2026-09-27T00:46:01Z,intraday,EU-CRI-H100,vast.ai,2.267037,20.0
2026-09-27T00:46:01Z,intraday,EU-CRI-H100,verda,3.52,10.0
2026-09-27T00:46:01Z,intraday,EU-CRI-H100-GLOBAL,digitalocean,4.41,9.090909
2026-09-27T00:46:01Z,intraday,EU-CRI-H100-GLOBAL,lambdalabs,3.99,9.090909
2026-09-27T00:46:01Z,intraday,EU-CRI-H100-GLOBAL,nebius,3.85,9.090909
2026-09-27T00:46:01Z,intraday,EU-CRI-H100-GLOBAL,runpod,3.49,18.181818
2026-09-27T00:46:01Z,intraday,EU-CRI-H100-GLOBAL,scaleway,3.640693,9.090909
2026-09-27T00:46:01Z,intraday,EU-CRI-H100-GLOBAL,seeweb,2.155167,9.090909
2026-09-27T00:46:01Z,intraday,EU-CRI-H100-GLOBAL,vast.ai,2.267037,18.181818
2026-09-27T00:46:01Z,intraday,EU-CRI-H100-GLOBAL,verda,3.52,9.090909
2026-09-27T00:46:01Z,intraday,EU-CRI-H100-GLOBAL,voltagepark,1.99,9.090909
2026-09-27T00:46:01Z,intraday,EU-CRI-H100-NC,digitalocean,4.41,16.666667
2026-09-27T00:46:01Z,intraday,EU-CRI-H100-NC,lambdalabs,3.99,16.666667
2026-09-27T00:46:01Z,intraday,EU-CRI-H100-NC,nebius,3.85,16.666667
2026-09-27T00:46:01Z,intraday,EU-CRI-H100-NC,scaleway,3.640693,16.666667
2026-09-27T00:46:01Z,intraday,EU-CRI-H100-NC,seeweb,2.155167,16.666667
2026-09-27T00:46:01Z,intraday,EU-CRI-H100-NC,verda,3.52,16.666667
2026-09-27T01:32:17Z,intraday,EU-CRI-H100,digitalocean,4.41,10.0
2026-09-27T01:32:17Z,intraday,EU-CRI-H100,lambdalabs,3.99,10.0
2026-09-27T01:32:17Z,intraday,EU-CRI-H100,nebius,3.85,10.0
2026-09-27T01:32:17Z,intraday,EU-CRI-H100,runpod,3.49,20.0
2026-09-27T01:32:17Z,intraday,EU-CRI-H100,scaleway,3.640693,10.0
2026-09-27T01:32:17Z,intraday,EU-CRI-H100,seeweb,2.155167,10.0
2026-09-27T01:32:17Z,intraday,EU-CRI-H100,vast.ai,2.267037,20.0
2026-09-27T01:32:17Z,intraday,EU-CRI-H100,verda,3.52,10.0
2026-09-27T01:32:17Z,intraday,EU-CRI-H100-GLOBAL,digitalocean,4.41,9.090909
2026-09-27T01:32:17Z,intraday,EU-CRI-H100-GLOBAL,lambdalabs,3.99,9.090909
2026-09-27T01:32:17Z,intraday,EU-CRI-H100-GLOBAL,nebius,3.85,9.090909
2026-09-27T01:32:17Z,intraday,EU-CRI-H100-GLOBAL,runpod,3.49,18.181818
2026-09-27T01:32:17Z,intraday,EU-CRI-H100-GLOBAL,scaleway,3.640693,9.090909
2026-09-27T01:32:17Z,intraday,EU-CRI-H100-GLOBAL,seeweb,2.155167,9.090909
2026-09-27T01:32:17Z,intraday,EU-CRI-H100-GLOBAL,vast.ai,2.267037,18.181818
2026-09-27T01:32:17Z,intraday,EU-CRI-H100-GLOBAL,verda,3.52,9.090909
2026-09-27T01:32:17Z,intraday,EU-CRI-H100-GLOBAL,voltagepark,1.99,9.090909
2026-09-27T01:32:17Z,intraday,EU-CRI-H100-NC,digitalocean,4.41,16.666667
2026-09-27T01:32:17Z,intraday,EU-CRI-H100-NC,lambdalabs,3.99,16.666667
2026-09-27T01:32:17Z,intraday,EU-CRI-H100-NC,nebius,3.85,16.666667
2026-09-27T01:32:17Z,intraday,EU-CRI-H100-NC,scaleway,3.640693,16.666667
2026-09-27T01:32:17Z,intraday,EU-CRI-H100-NC,seeweb,2.155167,16.666667
2026-09-27T01:32:17Z,intraday,EU-CRI-H100-NC,verda,3.52,16.666667
2026-09-27T01:32:17Z,intraday,EU-CRI-H100-US,digitalocean,4.41,16.666667
2026-09-27T01:32:17Z,intraday,EU-CRI-H100-US,lambdalabs,3.99,16.666667
2026-09-27T01:32:17Z,intraday,EU-CRI-H100-US,runpod,3.49,25.0
2026-09-27T01:32:17Z,intraday,EU-CRI-H100-US,vast.ai,2.933889,25.0
2026-09-27T01:32:17Z,intraday,EU-CRI-H100-US,voltagepark,1.99,16.666667
2026-09-27T02:24:18Z,intraday,EU-CRI-H100,digitalocean,4.41,10.0
2026-09-27T02:24:18Z,intraday,EU-CRI-H100,lambdalabs,3.99,10.0
2026-09-27T02:24:18Z,intraday,EU-CRI-H100,nebius,3.85,10.0
2026-09-27T02:24:18Z,intraday,EU-CRI-H100,runpod,3.49,20.0
2026-09-27T02:24:18Z,intraday,EU-CRI-H100,scaleway,3.640693,10.0
2026-09-27T02:24:18Z,intraday,EU-CRI-H100,seeweb,2.155167,10.0
2026-09-27T02:24:18Z,intraday,EU-CRI-H100,vast.ai,2.267037,20.0
2026-09-27T02:24:18Z,intraday,EU-CRI-H100,verda,3.52,10.0
2026-09-27T02:24:18Z,intraday,EU-CRI-H100-GLOBAL,digitalocean,4.41,9.090909
2026-09-27T02:24:18Z,intraday,EU-CRI-H100-GLOBAL,lambdalabs,3.99,9.090909
2026-09-27T02:24:18Z,intraday,EU-CRI-H100-GLOBAL,nebius,3.85,9.090909
2026-09-27T02:24:18Z,intraday,EU-CRI-H100-GLOBAL,runpod,3.49,18.181818
2026-09-27T02:24:18Z,intraday,EU-CRI-H100-GLOBAL,scaleway,3.640693,9.090909
2026-09-27T02:24:18Z,intraday,EU-CRI-H100-GLOBAL,seeweb,2.155167,9.090909
2026-09-27T02:24:18Z,intraday,EU-CRI-H100-GLOBAL,vast.ai,2.267037,18.181818
2026-09-27T02:24:18Z,intraday,EU-CRI-H100-GLOBAL,verda,3.52,9.090909
2026-09-27T02:24:18Z,intraday,EU-CRI-H100-GLOBAL,voltagepark,1.99,9.090909
2026-09-27T02:24:18Z,intraday,EU-CRI-H100-NC,digitalocean,4.41,16.666667
2026-09-27T02:24:18Z,intraday,EU-CRI-H100-NC,lambdalabs,3.99,16.666667
2026-09-27T02:24:18Z,intraday,EU-CRI-H100-NC,nebius,3.85,16.666667
2026-09-27T02:24:18Z,intraday,EU-CRI-H100-NC,scaleway,3.640693,16.666667
2026-09-27T02:24:18Z,intraday,EU-CRI-H100-NC,seeweb,2.155167,16.666667
2026-09-27T02:24:18Z,intraday,EU-CRI-H100-NC,verda,3.52,16.666667
2026-09-27T02:24:18Z,intraday,EU-CRI-H100-US,digitalocean,4.41,16.666667
2026-09-27T02:24:18Z,intraday,EU-CRI-H100-US,lambdalabs,3.99,16.666667
2026-09-27T02:24:18Z,intraday,EU-CRI-H100-US,runpod,3.49,25.0
2026-09-27T02:24:18Z,intraday,EU-CRI-H100-US,vast.ai,2.933889,25.0
2026-09-27T02:24:18Z,intraday,EU-CRI-H100-US,voltagepark,1.99,16.666667
