at_utc,origin,series,value_usd,value_eur,n_sources,flags,sources_missing
2026-09-15T17:45:29Z,fixing,EU-CRI-H100,,,1,insufficient_sources,gpuhunt hyperstack runpod static_yaml together vast_ai
2026-09-15T17:45:29Z,fixing,EU-CRI-H100-US,,,2,"insufficient_sources,indicative",gpuhunt hyperstack runpod static_yaml together vast_ai
2026-09-15T17:45:29Z,fixing,EU-CRI-H100-GLOBAL,,,3,"insufficient_sources,indicative",gpuhunt hyperstack runpod static_yaml together vast_ai
2026-09-15T17:45:29Z,fixing,EU-CRI-H100-SPOT,,,1,"insufficient_sources,indicative",gpuhunt hyperstack runpod static_yaml together vast_ai
2026-09-15T17:45:29Z,fixing,EU-CRI-H100-SPOT-US,,,1,"insufficient_sources,indicative",gpuhunt hyperstack runpod static_yaml together vast_ai
2026-09-15T17:45:29Z,fixing,EU-CRI-H100-SPOT-GLOBAL,,,2,"insufficient_sources,indicative",gpuhunt hyperstack runpod static_yaml together vast_ai
2026-09-15T17:45:29Z,fixing,EU-CRI-H100-MKT,,,0,insufficient_sources,gpuhunt hyperstack runpod static_yaml together vast_ai
2026-09-15T17:45:29Z,fixing,EU-CRI-H100-NC,,,1,insufficient_sources,gpuhunt hyperstack runpod static_yaml together vast_ai
2026-09-15T17:45:29Z,fixing,EU-CRI-H100-HS,,,1,insufficient_sources,gpuhunt hyperstack runpod static_yaml together vast_ai
2026-09-15T17:45:29Z,fixing,EU-CRI-H200,,,0,insufficient_sources,gpuhunt hyperstack runpod static_yaml together vast_ai
2026-09-15T17:45:29Z,fixing,EU-CRI-B200,,,0,no_offers_in_class,gpuhunt hyperstack runpod static_yaml together vast_ai
2026-09-15T17:45:29Z,fixing,EU-CRI-A100,,,0,insufficient_sources,gpuhunt hyperstack runpod static_yaml together vast_ai
2026-09-15T17:45:29Z,fixing,EU-CRI-H100-PCIE,,,1,insufficient_sources,gpuhunt hyperstack runpod static_yaml together vast_ai
2026-09-17T06:29:03Z,fixing,EU-CRI-H100,3.49,3.039805,6,,together voltagepark
2026-09-17T06:29:03Z,fixing,EU-CRI-H100-US,,,3,"insufficient_sources,indicative",together voltagepark
2026-09-17T06:29:03Z,fixing,EU-CRI-H100-GLOBAL,3.49,3.039805,7,indicative,together voltagepark
2026-09-17T06:29:03Z,fixing,EU-CRI-H100-SPOT,,,4,"insufficient_sources,indicative",together voltagepark
2026-09-17T06:29:03Z,fixing,EU-CRI-H100-SPOT-US,,,3,"insufficient_sources,indicative",together voltagepark
2026-09-17T06:29:03Z,fixing,EU-CRI-H100-SPOT-GLOBAL,2.4638,2.14598,5,"no_executable_input,indicative",together voltagepark
2026-09-17T06:29:03Z,fixing,EU-CRI-H100-MKT,,,2,insufficient_sources,together voltagepark
2026-09-17T06:29:03Z,fixing,EU-CRI-H100-NC,,,4,insufficient_sources,together voltagepark
2026-09-17T06:29:03Z,fixing,EU-CRI-H100-HS,,,3,insufficient_sources,together voltagepark
2026-09-17T06:29:03Z,fixing,EU-CRI-H200,,,0,insufficient_sources,together voltagepark
2026-09-17T06:29:03Z,fixing,EU-CRI-B200,,,0,no_offers_in_class,together voltagepark
2026-09-17T06:29:03Z,fixing,EU-CRI-A100,,,1,insufficient_sources,together voltagepark
2026-09-17T06:29:03Z,fixing,EU-CRI-H100-PCIE,,,1,insufficient_sources,together voltagepark
2026-09-18T11:12:46Z,fixing,EU-CRI-H100,3.28,2.862129,6,,together voltagepark
2026-09-18T11:12:46Z,fixing,EU-CRI-H100-US,,,3,"insufficient_sources,indicative",together voltagepark
2026-09-18T11:12:46Z,fixing,EU-CRI-H100-GLOBAL,3.49,3.045375,7,indicative,together voltagepark
2026-09-18T11:12:46Z,fixing,EU-CRI-H100-SPOT,,,4,"insufficient_sources,indicative",together voltagepark
2026-09-18T11:12:46Z,fixing,EU-CRI-H100-SPOT-US,,,3,"insufficient_sources,indicative",together voltagepark
2026-09-18T11:12:46Z,fixing,EU-CRI-H100-SPOT-GLOBAL,2.4638,2.149913,5,"no_executable_input,indicative",together voltagepark
2026-09-18T11:12:46Z,fixing,EU-CRI-H100-MKT,,,2,insufficient_sources,together voltagepark
2026-09-18T11:12:46Z,fixing,EU-CRI-H100-NC,,,4,insufficient_sources,together voltagepark
2026-09-18T11:12:46Z,fixing,EU-CRI-H100-HS,,,3,insufficient_sources,together voltagepark
2026-09-18T11:12:46Z,fixing,EU-CRI-H200,,,0,insufficient_sources,together voltagepark
2026-09-18T11:12:46Z,fixing,EU-CRI-B200,,,0,no_offers_in_class,together voltagepark
2026-09-18T11:12:46Z,fixing,EU-CRI-A100,,,1,insufficient_sources,together voltagepark
2026-09-18T11:12:46Z,fixing,EU-CRI-H100-PCIE,,,1,insufficient_sources,together voltagepark
2026-09-19T11:10:13Z,fixing,EU-CRI-H100,3.49,3.045375,6,,together
2026-09-19T11:10:13Z,fixing,EU-CRI-H100-US,,,4,"insufficient_sources,indicative",together
2026-09-19T11:10:13Z,fixing,EU-CRI-H100-GLOBAL,3.589022,3.131782,8,indicative,together
2026-09-19T11:10:13Z,fixing,EU-CRI-H100-SPOT,,,4,"insufficient_sources,indicative",together
2026-09-19T11:10:13Z,fixing,EU-CRI-H100-SPOT-US,,,3,"insufficient_sources,indicative",together
2026-09-19T11:10:13Z,fixing,EU-CRI-H100-SPOT-GLOBAL,2.4638,2.149913,5,"no_executable_input,indicative",together
2026-09-19T11:10:13Z,fixing,EU-CRI-H100-MKT,,,2,insufficient_sources,together
2026-09-19T11:10:13Z,fixing,EU-CRI-H100-NC,,,4,insufficient_sources,together
2026-09-19T11:10:13Z,fixing,EU-CRI-H100-HS,,,3,insufficient_sources,together
2026-09-19T11:10:13Z,fixing,EU-CRI-H200,,,0,insufficient_sources,together
2026-09-19T11:10:13Z,fixing,EU-CRI-B200,,,0,no_offers_in_class,together
2026-09-19T11:10:13Z,fixing,EU-CRI-A100,,,1,insufficient_sources,together
2026-09-19T11:10:13Z,fixing,EU-CRI-H100-PCIE,,,1,insufficient_sources,together
2026-09-20T11:11:08Z,fixing,EU-CRI-H100,3.28,2.862129,6,,together
2026-09-20T11:11:08Z,fixing,EU-CRI-H100-US,3.49,3.045375,5,indicative,together
2026-09-20T11:11:08Z,fixing,EU-CRI-H100-GLOBAL,3.49,3.045375,8,indicative,together
2026-09-20T11:11:08Z,fixing,EU-CRI-H100-SPOT,,,4,"insufficient_sources,indicative",together
2026-09-20T11:11:08Z,fixing,EU-CRI-H100-SPOT-US,,,3,"insufficient_sources,indicative",together
2026-09-20T11:11:08Z,fixing,EU-CRI-H100-SPOT-GLOBAL,2.4638,2.149913,5,"no_executable_input,indicative",together
2026-09-20T11:11:08Z,fixing,EU-CRI-H100-MKT,,,2,insufficient_sources,together
2026-09-20T11:11:08Z,fixing,EU-CRI-H100-NC,,,4,insufficient_sources,together
2026-09-20T11:11:08Z,fixing,EU-CRI-H100-HS,,,3,insufficient_sources,together
2026-09-20T11:11:08Z,fixing,EU-CRI-H200,,,0,insufficient_sources,together
2026-09-20T11:11:08Z,fixing,EU-CRI-B200,,,0,no_offers_in_class,together
2026-09-20T11:11:08Z,fixing,EU-CRI-A100,,,2,insufficient_sources,together
2026-09-20T11:11:08Z,fixing,EU-CRI-H100-PCIE,,,1,insufficient_sources,together
2026-09-21T11:12:04Z,fixing,EU-CRI-H100,3.49,3.037424,5,,together
2026-09-21T11:12:04Z,fixing,EU-CRI-H100-US,,,4,"insufficient_sources,indicative",together
2026-09-21T11:12:04Z,fixing,EU-CRI-H100-GLOBAL,3.66847,3.19275,7,indicative,together
2026-09-21T11:12:04Z,fixing,EU-CRI-H100-SPOT,,,4,"insufficient_sources,indicative",together
2026-09-21T11:12:04Z,fixing,EU-CRI-H100-SPOT-US,,,3,"insufficient_sources,indicative",together
2026-09-21T11:12:04Z,fixing,EU-CRI-H100-SPOT-GLOBAL,2.4638,2.144299,5,"no_executable_input,indicative",together
2026-09-21T11:12:04Z,fixing,EU-CRI-H100-MKT,,,1,insufficient_sources,together
2026-09-21T11:12:04Z,fixing,EU-CRI-H100-NC,,,4,insufficient_sources,together
2026-09-21T11:12:04Z,fixing,EU-CRI-H100-HS,,,3,insufficient_sources,together
2026-09-21T11:12:04Z,fixing,EU-CRI-H200,,,0,insufficient_sources,together
2026-09-21T11:12:04Z,fixing,EU-CRI-B200,,,0,no_offers_in_class,together
2026-09-21T11:12:04Z,fixing,EU-CRI-A100,,,2,insufficient_sources,together
2026-09-21T11:12:04Z,fixing,EU-CRI-H100-PCIE,,,1,insufficient_sources,together
2026-09-22T11:12:27Z,fixing,EU-CRI-H100,3.49,3.037424,8,,latitude together
2026-09-22T11:12:27Z,fixing,EU-CRI-H100-US,,,4,"insufficient_sources,indicative",latitude together
2026-09-22T11:12:27Z,fixing,EU-CRI-H100-GLOBAL,3.49,3.037424,8,indicative,latitude together
2026-09-22T11:12:27Z,fixing,EU-CRI-H100-SPOT,,,4,"insufficient_sources,indicative",latitude together
2026-09-22T11:12:27Z,fixing,EU-CRI-H100-SPOT-US,,,3,"insufficient_sources,indicative",latitude together
2026-09-22T11:12:27Z,fixing,EU-CRI-H100-SPOT-GLOBAL,2.4638,2.144299,5,"no_executable_input,indicative",latitude together
2026-09-22T11:12:27Z,fixing,EU-CRI-H100-MKT,,,2,insufficient_sources,latitude together
2026-09-22T11:12:27Z,fixing,EU-CRI-H100-NC,3.803075,3.3099,6,no_executable_input,latitude together
2026-09-22T11:12:27Z,fixing,EU-CRI-H100-HS,,,4,insufficient_sources,latitude together
2026-09-22T11:12:27Z,fixing,EU-CRI-H200,,,3,insufficient_sources,latitude together
2026-09-22T11:12:27Z,fixing,EU-CRI-B200,,,2,insufficient_sources,latitude together
2026-09-22T11:12:27Z,fixing,EU-CRI-A100,,,3,insufficient_sources,latitude together
2026-09-22T11:12:27Z,fixing,EU-CRI-H100-PCIE,,,2,insufficient_sources,latitude together
2026-09-23T11:12:34Z,fixing,EU-CRI-H100,3.49,3.044578,8,,latitude together
2026-09-23T11:12:34Z,fixing,EU-CRI-H100-US,3.49,3.044578,5,indicative,latitude together
2026-09-23T11:12:34Z,fixing,EU-CRI-H100-GLOBAL,3.49,3.044578,8,indicative,latitude together
2026-09-23T11:12:34Z,fixing,EU-CRI-H100-SPOT,,,4,"insufficient_sources,indicative",latitude together
2026-09-23T11:12:34Z,fixing,EU-CRI-H100-SPOT-US,,,3,"insufficient_sources,indicative",latitude together
2026-09-23T11:12:34Z,fixing,EU-CRI-H100-SPOT-GLOBAL,2.4638,2.14935,5,"no_executable_input,indicative",latitude together
2026-09-23T11:12:34Z,fixing,EU-CRI-H100-MKT,,,2,insufficient_sources,latitude together
2026-09-23T11:12:34Z,fixing,EU-CRI-H100-NC,3.794138,3.3099,6,no_executable_input,latitude together
2026-09-23T11:12:34Z,fixing,EU-CRI-H100-HS,,,4,insufficient_sources,latitude together
2026-09-23T11:12:34Z,fixing,EU-CRI-H200,,,3,insufficient_sources,latitude together
2026-09-23T11:12:34Z,fixing,EU-CRI-B200,,,2,insufficient_sources,latitude together
2026-09-23T11:12:34Z,fixing,EU-CRI-A100,,,3,insufficient_sources,latitude together
2026-09-23T11:12:34Z,fixing,EU-CRI-H100-PCIE,,,2,insufficient_sources,latitude together
2026-09-24T11:11:56Z,fixing,EU-CRI-H100,3.776927,3.3099,6,no_executable_input,latitude together
2026-09-24T11:11:56Z,fixing,EU-CRI-H100-US,,,3,"insufficient_sources,indicative",latitude together
2026-09-24T11:11:56Z,fixing,EU-CRI-H100-GLOBAL,3.85,3.373937,6,"no_executable_input,indicative",latitude together
2026-09-24T11:11:56Z,fixing,EU-CRI-H100-SPOT,,,4,"insufficient_sources,indicative",latitude together
2026-09-24T11:11:56Z,fixing,EU-CRI-H100-SPOT-US,,,3,"insufficient_sources,indicative",latitude together
2026-09-24T11:11:56Z,fixing,EU-CRI-H100-SPOT-GLOBAL,2.4638,2.159145,5,"no_executable_input,indicative",latitude together
2026-09-24T11:11:56Z,fixing,EU-CRI-H100-MKT,,,0,insufficient_sources,latitude together
2026-09-24T11:11:56Z,fixing,EU-CRI-H100-NC,3.776927,3.3099,6,no_executable_input,latitude together
2026-09-24T11:11:56Z,fixing,EU-CRI-H100-HS,,,4,insufficient_sources,latitude together
2026-09-24T11:11:56Z,fixing,EU-CRI-H200,,,3,insufficient_sources,latitude together
2026-09-24T11:11:56Z,fixing,EU-CRI-B200,,,2,insufficient_sources,latitude together
2026-09-24T11:11:56Z,fixing,EU-CRI-A100,,,3,insufficient_sources,latitude together
2026-09-24T11:11:56Z,fixing,EU-CRI-H100-PCIE,,,2,insufficient_sources,latitude together
2026-09-25T11:12:15Z,fixing,EU-CRI-H100,3.762363,3.3099,6,no_executable_input,together
2026-09-25T11:12:15Z,fixing,EU-CRI-H100-US,,,3,"insufficient_sources,indicative",together
2026-09-25T11:12:15Z,fixing,EU-CRI-H100-GLOBAL,3.629199,3.19275,7,"no_executable_input,indicative",together
2026-09-25T11:12:15Z,fixing,EU-CRI-H100-SPOT,,,4,"insufficient_sources,indicative",together
2026-09-25T11:12:15Z,fixing,EU-CRI-H100-SPOT-US,,,3,"insufficient_sources,indicative",together
2026-09-25T11:12:15Z,fixing,EU-CRI-H100-SPOT-GLOBAL,2.4638,2.167502,5,"no_executable_input,indicative",together
2026-09-25T11:12:15Z,fixing,EU-CRI-H100-MKT,,,0,insufficient_sources,together
2026-09-25T11:12:15Z,fixing,EU-CRI-H100-NC,3.762363,3.3099,6,no_executable_input,together
2026-09-25T11:12:15Z,fixing,EU-CRI-H100-HS,,,4,insufficient_sources,together
2026-09-25T11:12:15Z,fixing,EU-CRI-H200,,,3,insufficient_sources,together
2026-09-25T11:12:15Z,fixing,EU-CRI-B200,,,2,insufficient_sources,together
2026-09-25T11:12:15Z,fixing,EU-CRI-A100,,,3,insufficient_sources,together
2026-09-25T11:12:15Z,fixing,EU-CRI-H100-PCIE,,,2,insufficient_sources,together
2026-09-26T05:14:57Z,intraday,EU-CRI-H100,3.49,3.060598,8,,together
2026-09-26T05:14:57Z,intraday,EU-CRI-H100-US,3.49,3.060598,5,indicative,together
2026-09-26T05:14:57Z,intraday,EU-CRI-H100-GLOBAL,3.49,3.060598,9,indicative,together
2026-09-26T05:14:57Z,intraday,EU-CRI-H100-SPOT,,,3,"insufficient_sources,indicative",together
2026-09-26T05:14:57Z,intraday,EU-CRI-H100-SPOT-US,,,3,"insufficient_sources,indicative",together
2026-09-26T05:14:57Z,intraday,EU-CRI-H100-SPOT-GLOBAL,,,4,"insufficient_sources,indicative",together
2026-09-26T05:14:57Z,intraday,EU-CRI-H100-MKT,,,2,insufficient_sources,together
2026-09-26T05:14:57Z,intraday,EU-CRI-H100-NC,3.774279,3.3099,6,no_executable_input,together
2026-09-26T05:14:57Z,intraday,EU-CRI-H100-HS,,,3,insufficient_sources,together
2026-09-26T05:14:57Z,intraday,EU-CRI-H200,,,3,insufficient_sources,together
2026-09-26T05:14:57Z,intraday,EU-CRI-B200,,,2,insufficient_sources,together
2026-09-26T05:14:57Z,intraday,EU-CRI-A100,,,4,insufficient_sources,together
2026-09-26T05:14:57Z,intraday,EU-CRI-H100-PCIE,,,3,insufficient_sources,together
2026-09-26T06:23:38Z,intraday,EU-CRI-H100,3.49,3.060598,8,,together
2026-09-26T06:23:38Z,intraday,EU-CRI-H100-US,3.49,3.060598,5,indicative,together
2026-09-26T06:23:38Z,intraday,EU-CRI-H100-GLOBAL,3.49,3.060598,9,indicative,together
2026-09-26T06:23:38Z,intraday,EU-CRI-H100-SPOT,,,3,"insufficient_sources,indicative",together
2026-09-26T06:23:38Z,intraday,EU-CRI-H100-SPOT-US,,,3,"insufficient_sources,indicative",together
2026-09-26T06:23:38Z,intraday,EU-CRI-H100-SPOT-GLOBAL,,,4,"insufficient_sources,indicative",together
2026-09-26T06:23:38Z,intraday,EU-CRI-H100-MKT,,,2,insufficient_sources,together
2026-09-26T06:23:38Z,intraday,EU-CRI-H100-NC,3.774279,3.3099,6,no_executable_input,together
2026-09-26T06:23:38Z,intraday,EU-CRI-H100-HS,,,3,insufficient_sources,together
2026-09-26T06:23:38Z,intraday,EU-CRI-H200,,,4,insufficient_sources,together
2026-09-26T06:23:38Z,intraday,EU-CRI-B200,,,2,insufficient_sources,together
2026-09-26T06:23:38Z,intraday,EU-CRI-A100,,,4,insufficient_sources,together
2026-09-26T06:23:38Z,intraday,EU-CRI-H100-PCIE,,,3,insufficient_sources,together
2026-09-26T07:14:35Z,intraday,EU-CRI-H100,3.49,3.060598,8,,together
2026-09-26T07:14:35Z,intraday,EU-CRI-H100-US,3.49,3.060598,5,indicative,together
2026-09-26T07:14:35Z,intraday,EU-CRI-H100-GLOBAL,3.49,3.060598,9,indicative,together
2026-09-26T07:14:35Z,intraday,EU-CRI-H100-SPOT,,,3,"insufficient_sources,indicative",together
2026-09-26T07:14:35Z,intraday,EU-CRI-H100-SPOT-US,,,3,"insufficient_sources,indicative",together
2026-09-26T07:14:35Z,intraday,EU-CRI-H100-SPOT-GLOBAL,,,4,"insufficient_sources,indicative",together
2026-09-26T07:14:35Z,intraday,EU-CRI-H100-MKT,,,2,insufficient_sources,together
2026-09-26T07:14:35Z,intraday,EU-CRI-H100-NC,3.774279,3.3099,6,no_executable_input,together
2026-09-26T07:14:35Z,intraday,EU-CRI-H100-HS,,,3,insufficient_sources,together
2026-09-26T07:14:35Z,intraday,EU-CRI-H200,,,4,insufficient_sources,together
2026-09-26T07:14:35Z,intraday,EU-CRI-B200,,,2,insufficient_sources,together
2026-09-26T07:14:35Z,intraday,EU-CRI-A100,,,3,insufficient_sources,together
2026-09-26T07:14:35Z,intraday,EU-CRI-H100-PCIE,,,3,insufficient_sources,together
2026-09-26T08:18:59Z,intraday,EU-CRI-H100,3.49,3.060598,8,,together
2026-09-26T08:18:59Z,intraday,EU-CRI-H100-US,3.49,3.060598,5,indicative,together
2026-09-26T08:18:59Z,intraday,EU-CRI-H100-GLOBAL,3.49,3.060598,9,indicative,together
2026-09-26T08:18:59Z,intraday,EU-CRI-H100-SPOT,,,3,"insufficient_sources,indicative",together
2026-09-26T08:18:59Z,intraday,EU-CRI-H100-SPOT-US,,,3,"insufficient_sources,indicative",together
2026-09-26T08:18:59Z,intraday,EU-CRI-H100-SPOT-GLOBAL,,,4,"insufficient_sources,indicative",together
2026-09-26T08:18:59Z,intraday,EU-CRI-H100-MKT,,,2,insufficient_sources,together
2026-09-26T08:18:59Z,intraday,EU-CRI-H100-NC,3.774279,3.3099,6,no_executable_input,together
2026-09-26T08:18:59Z,intraday,EU-CRI-H100-HS,,,3,insufficient_sources,together
2026-09-26T08:18:59Z,intraday,EU-CRI-H200,,,4,insufficient_sources,together
2026-09-26T08:18:59Z,intraday,EU-CRI-B200,,,2,insufficient_sources,together
2026-09-26T08:18:59Z,intraday,EU-CRI-A100,,,4,insufficient_sources,together
2026-09-26T08:18:59Z,intraday,EU-CRI-H100-PCIE,,,3,insufficient_sources,together
2026-09-26T09:14:37Z,intraday,EU-CRI-H100,3.49,3.060598,8,,together
2026-09-26T09:14:37Z,intraday,EU-CRI-H100-US,,,4,"insufficient_sources,indicative",together
2026-09-26T09:14:37Z,intraday,EU-CRI-H100-GLOBAL,3.49,3.060598,9,indicative,together
2026-09-26T09:14:37Z,intraday,EU-CRI-H100-SPOT,,,3,"insufficient_sources,indicative",together
2026-09-26T09:14:37Z,intraday,EU-CRI-H100-SPOT-US,,,3,"insufficient_sources,indicative",together
2026-09-26T09:14:37Z,intraday,EU-CRI-H100-SPOT-GLOBAL,,,4,"insufficient_sources,indicative",together
2026-09-26T09:14:37Z,intraday,EU-CRI-H100-MKT,,,2,insufficient_sources,together
2026-09-26T09:14:37Z,intraday,EU-CRI-H100-NC,3.774279,3.3099,6,no_executable_input,together
2026-09-26T09:14:37Z,intraday,EU-CRI-H100-HS,,,3,insufficient_sources,together
2026-09-26T09:14:37Z,intraday,EU-CRI-H200,,,4,insufficient_sources,together
2026-09-26T09:14:37Z,intraday,EU-CRI-B200,,,2,insufficient_sources,together
2026-09-26T09:14:37Z,intraday,EU-CRI-A100,,,3,insufficient_sources,together
2026-09-26T09:14:37Z,intraday,EU-CRI-H100-PCIE,,,3,insufficient_sources,together
2026-09-26T10:13:08Z,intraday,EU-CRI-H100,3.49,3.060598,8,,together
2026-09-26T10:13:08Z,intraday,EU-CRI-H100-US,,,4,"insufficient_sources,indicative",together
2026-09-26T10:13:08Z,intraday,EU-CRI-H100-GLOBAL,3.49,3.060598,9,indicative,together
2026-09-26T10:13:08Z,intraday,EU-CRI-H100-SPOT,,,3,"insufficient_sources,indicative",together
2026-09-26T10:13:08Z,intraday,EU-CRI-H100-SPOT-US,,,3,"insufficient_sources,indicative",together
2026-09-26T10:13:08Z,intraday,EU-CRI-H100-SPOT-GLOBAL,,,4,"insufficient_sources,indicative",together
2026-09-26T10:13:08Z,intraday,EU-CRI-H100-MKT,,,2,insufficient_sources,together
2026-09-26T10:13:08Z,intraday,EU-CRI-H100-NC,3.774279,3.3099,6,no_executable_input,together
2026-09-26T10:13:08Z,intraday,EU-CRI-H100-HS,,,3,insufficient_sources,together
2026-09-26T10:13:08Z,intraday,EU-CRI-H200,,,4,insufficient_sources,together
2026-09-26T10:13:08Z,intraday,EU-CRI-B200,,,2,insufficient_sources,together
2026-09-26T10:13:08Z,intraday,EU-CRI-A100,,,3,insufficient_sources,together
2026-09-26T10:13:08Z,intraday,EU-CRI-H100-PCIE,,,3,insufficient_sources,together
2026-09-26T11:17:42Z,fixing,EU-CRI-H100,3.49,3.060598,8,,together
2026-09-26T11:17:42Z,fixing,EU-CRI-H100-US,3.49,3.060598,5,indicative,together
2026-09-26T11:17:42Z,fixing,EU-CRI-H100-GLOBAL,3.49,3.060598,9,indicative,together
2026-09-26T11:17:42Z,fixing,EU-CRI-H100-SPOT,,,4,"insufficient_sources,indicative",together
2026-09-26T11:17:42Z,fixing,EU-CRI-H100-SPOT-US,,,3,"insufficient_sources,indicative",together
2026-09-26T11:17:42Z,fixing,EU-CRI-H100-SPOT-GLOBAL,2.4638,2.160659,5,"no_executable_input,indicative",together
2026-09-26T11:17:42Z,fixing,EU-CRI-H100-MKT,,,2,insufficient_sources,together
2026-09-26T11:17:42Z,fixing,EU-CRI-H100-NC,3.774279,3.3099,6,no_executable_input,together
2026-09-26T11:17:42Z,fixing,EU-CRI-H100-HS,,,4,insufficient_sources,together
2026-09-26T11:17:42Z,fixing,EU-CRI-H200,,,4,insufficient_sources,together
2026-09-26T11:17:42Z,fixing,EU-CRI-B200,,,2,insufficient_sources,together
2026-09-26T11:17:42Z,fixing,EU-CRI-A100,,,3,insufficient_sources,together
2026-09-26T11:17:42Z,fixing,EU-CRI-H100-PCIE,,,3,insufficient_sources,together
2026-09-26T12:19:47Z,intraday,EU-CRI-H100,3.49,3.060598,8,,together
2026-09-26T12:19:47Z,intraday,EU-CRI-H100-US,3.49,3.060598,5,indicative,together
2026-09-26T12:19:47Z,intraday,EU-CRI-H100-GLOBAL,3.49,3.060598,9,indicative,together
2026-09-26T12:19:47Z,intraday,EU-CRI-H100-SPOT,,,4,"insufficient_sources,indicative",together
2026-09-26T12:19:47Z,intraday,EU-CRI-H100-SPOT-US,,,3,"insufficient_sources,indicative",together
2026-09-26T12:19:47Z,intraday,EU-CRI-H100-SPOT-GLOBAL,2.4638,2.160659,5,"no_executable_input,indicative",together
2026-09-26T12:19:47Z,intraday,EU-CRI-H100-MKT,,,2,insufficient_sources,together
2026-09-26T12:19:47Z,intraday,EU-CRI-H100-NC,3.774279,3.3099,6,no_executable_input,together
2026-09-26T12:19:47Z,intraday,EU-CRI-H100-HS,,,4,insufficient_sources,together
2026-09-26T12:19:47Z,intraday,EU-CRI-H200,,,4,insufficient_sources,together
2026-09-26T12:19:47Z,intraday,EU-CRI-B200,,,2,insufficient_sources,together
2026-09-26T12:19:47Z,intraday,EU-CRI-A100,,,4,insufficient_sources,together
2026-09-26T12:19:47Z,intraday,EU-CRI-H100-PCIE,,,3,insufficient_sources,together
2026-09-26T13:12:10Z,intraday,EU-CRI-H100,3.49,3.060598,8,,together
2026-09-26T13:12:10Z,intraday,EU-CRI-H100-US,3.49,3.060598,5,indicative,together
2026-09-26T13:12:10Z,intraday,EU-CRI-H100-GLOBAL,3.49,3.060598,9,indicative,together
2026-09-26T13:12:10Z,intraday,EU-CRI-H100-SPOT,,,4,"insufficient_sources,indicative",together
2026-09-26T13:12:10Z,intraday,EU-CRI-H100-SPOT-US,,,3,"insufficient_sources,indicative",together
2026-09-26T13:12:10Z,intraday,EU-CRI-H100-SPOT-GLOBAL,2.4638,2.160659,5,"no_executable_input,indicative",together
2026-09-26T13:12:10Z,intraday,EU-CRI-H100-MKT,,,2,insufficient_sources,together
2026-09-26T13:12:10Z,intraday,EU-CRI-H100-NC,3.774279,3.3099,6,no_executable_input,together
2026-09-26T13:12:10Z,intraday,EU-CRI-H100-HS,,,4,insufficient_sources,together
2026-09-26T13:12:10Z,intraday,EU-CRI-H200,,,3,insufficient_sources,together
2026-09-26T13:12:10Z,intraday,EU-CRI-B200,,,2,insufficient_sources,together
2026-09-26T13:12:10Z,intraday,EU-CRI-A100,,,3,insufficient_sources,together
2026-09-26T13:12:10Z,intraday,EU-CRI-H100-PCIE,,,3,insufficient_sources,together
2026-09-26T14:13:18Z,intraday,EU-CRI-H100,3.49,3.060598,8,,together
2026-09-26T14:13:18Z,intraday,EU-CRI-H100-US,3.49,3.060598,5,indicative,together
2026-09-26T14:13:18Z,intraday,EU-CRI-H100-GLOBAL,3.49,3.060598,9,indicative,together
2026-09-26T14:13:18Z,intraday,EU-CRI-H100-SPOT,,,4,"insufficient_sources,indicative",together
2026-09-26T14:13:18Z,intraday,EU-CRI-H100-SPOT-US,,,3,"insufficient_sources,indicative",together
2026-09-26T14:13:18Z,intraday,EU-CRI-H100-SPOT-GLOBAL,2.4638,2.160659,5,"no_executable_input,indicative",together
2026-09-26T14:13:18Z,intraday,EU-CRI-H100-MKT,,,2,insufficient_sources,together
2026-09-26T14:13:18Z,intraday,EU-CRI-H100-NC,3.774279,3.3099,6,no_executable_input,together
2026-09-26T14:13:18Z,intraday,EU-CRI-H100-HS,,,4,insufficient_sources,together
2026-09-26T14:13:18Z,intraday,EU-CRI-H200,,,3,insufficient_sources,together
2026-09-26T14:13:18Z,intraday,EU-CRI-B200,,,2,insufficient_sources,together
2026-09-26T14:13:18Z,intraday,EU-CRI-A100,,,3,insufficient_sources,together
2026-09-26T14:13:18Z,intraday,EU-CRI-H100-PCIE,,,3,insufficient_sources,together
2026-09-26T15:13:01Z,intraday,EU-CRI-H100,3.49,3.060598,8,,together
2026-09-26T15:13:01Z,intraday,EU-CRI-H100-US,3.49,3.060598,5,indicative,together
2026-09-26T15:13:01Z,intraday,EU-CRI-H100-GLOBAL,3.49,3.060598,9,indicative,together
2026-09-26T15:13:01Z,intraday,EU-CRI-H100-SPOT,,,4,"insufficient_sources,indicative",together
2026-09-26T15:13:01Z,intraday,EU-CRI-H100-SPOT-US,,,3,"insufficient_sources,indicative",together
2026-09-26T15:13:01Z,intraday,EU-CRI-H100-SPOT-GLOBAL,2.4638,2.160659,5,"no_executable_input,indicative",together
2026-09-26T15:13:01Z,intraday,EU-CRI-H100-MKT,,,2,insufficient_sources,together
2026-09-26T15:13:01Z,intraday,EU-CRI-H100-NC,3.774279,3.3099,6,no_executable_input,together
2026-09-26T15:13:01Z,intraday,EU-CRI-H100-HS,,,4,insufficient_sources,together
2026-09-26T15:13:01Z,intraday,EU-CRI-H200,,,3,insufficient_sources,together
2026-09-26T15:13:01Z,intraday,EU-CRI-B200,,,2,insufficient_sources,together
2026-09-26T15:13:01Z,intraday,EU-CRI-A100,,,4,insufficient_sources,together
2026-09-26T15:13:01Z,intraday,EU-CRI-H100-PCIE,,,3,insufficient_sources,together
2026-09-26T16:15:16Z,intraday,EU-CRI-H100,3.49,3.060598,8,,together
2026-09-26T16:15:16Z,intraday,EU-CRI-H100-US,3.49,3.060598,5,indicative,together
2026-09-26T16:15:16Z,intraday,EU-CRI-H100-GLOBAL,3.49,3.060598,9,indicative,together
2026-09-26T16:15:16Z,intraday,EU-CRI-H100-SPOT,,,4,"insufficient_sources,indicative",together
2026-09-26T16:15:16Z,intraday,EU-CRI-H100-SPOT-US,,,3,"insufficient_sources,indicative",together
2026-09-26T16:15:16Z,intraday,EU-CRI-H100-SPOT-GLOBAL,2.4638,2.160659,5,"no_executable_input,indicative",together
2026-09-26T16:15:16Z,intraday,EU-CRI-H100-MKT,,,2,insufficient_sources,together
2026-09-26T16:15:16Z,intraday,EU-CRI-H100-NC,3.774279,3.3099,6,no_executable_input,together
2026-09-26T16:15:16Z,intraday,EU-CRI-H100-HS,,,4,insufficient_sources,together
2026-09-26T16:15:16Z,intraday,EU-CRI-H200,,,3,insufficient_sources,together
2026-09-26T16:15:16Z,intraday,EU-CRI-B200,,,2,insufficient_sources,together
2026-09-26T16:15:16Z,intraday,EU-CRI-A100,,,4,insufficient_sources,together
2026-09-26T16:15:16Z,intraday,EU-CRI-H100-PCIE,,,2,insufficient_sources,together
2026-09-26T17:12:11Z,intraday,EU-CRI-H100,3.49,3.060598,8,,together
2026-09-26T17:12:11Z,intraday,EU-CRI-H100-US,3.49,3.060598,5,indicative,together
2026-09-26T17:12:11Z,intraday,EU-CRI-H100-GLOBAL,3.49,3.060598,9,indicative,together
2026-09-26T17:12:11Z,intraday,EU-CRI-H100-SPOT,,,4,"insufficient_sources,indicative",together
2026-09-26T17:12:11Z,intraday,EU-CRI-H100-SPOT-US,,,3,"insufficient_sources,indicative",together
2026-09-26T17:12:11Z,intraday,EU-CRI-H100-SPOT-GLOBAL,2.4638,2.160659,5,"no_executable_input,indicative",together
2026-09-26T17:12:11Z,intraday,EU-CRI-H100-MKT,,,2,insufficient_sources,together
2026-09-26T17:12:11Z,intraday,EU-CRI-H100-NC,3.774279,3.3099,6,no_executable_input,together
2026-09-26T17:12:11Z,intraday,EU-CRI-H100-HS,,,4,insufficient_sources,together
2026-09-26T17:12:11Z,intraday,EU-CRI-H200,,,3,insufficient_sources,together
2026-09-26T17:12:11Z,intraday,EU-CRI-B200,,,2,insufficient_sources,together
2026-09-26T17:12:11Z,intraday,EU-CRI-A100,,,4,insufficient_sources,together
2026-09-26T17:12:11Z,intraday,EU-CRI-H100-PCIE,,,2,insufficient_sources,together
2026-09-26T18:16:53Z,intraday,EU-CRI-H100,3.49,3.060598,8,,together
2026-09-26T18:16:53Z,intraday,EU-CRI-H100-US,3.49,3.060598,5,indicative,together
2026-09-26T18:16:53Z,intraday,EU-CRI-H100-GLOBAL,3.49,3.060598,9,indicative,together
2026-09-26T18:16:53Z,intraday,EU-CRI-H100-SPOT,,,4,"insufficient_sources,indicative",together
2026-09-26T18:16:53Z,intraday,EU-CRI-H100-SPOT-US,,,3,"insufficient_sources,indicative",together
2026-09-26T18:16:53Z,intraday,EU-CRI-H100-SPOT-GLOBAL,2.4638,2.160659,5,"no_executable_input,indicative",together
2026-09-26T18:16:53Z,intraday,EU-CRI-H100-MKT,,,2,insufficient_sources,together
2026-09-26T18:16:53Z,intraday,EU-CRI-H100-NC,3.774279,3.3099,6,no_executable_input,together
2026-09-26T18:16:53Z,intraday,EU-CRI-H100-HS,,,4,insufficient_sources,together
2026-09-26T18:16:53Z,intraday,EU-CRI-H200,,,3,insufficient_sources,together
2026-09-26T18:16:53Z,intraday,EU-CRI-B200,,,2,insufficient_sources,together
2026-09-26T18:16:53Z,intraday,EU-CRI-A100,,,3,insufficient_sources,together
2026-09-26T18:16:53Z,intraday,EU-CRI-H100-PCIE,,,2,insufficient_sources,together
2026-09-26T19:11:18Z,intraday,EU-CRI-H100,3.49,3.060598,8,,together
2026-09-26T19:11:18Z,intraday,EU-CRI-H100-US,3.49,3.060598,5,indicative,together
2026-09-26T19:11:18Z,intraday,EU-CRI-H100-GLOBAL,3.49,3.060598,9,indicative,together
2026-09-26T19:11:18Z,intraday,EU-CRI-H100-SPOT,,,4,"insufficient_sources,indicative",together
2026-09-26T19:11:18Z,intraday,EU-CRI-H100-SPOT-US,,,3,"insufficient_sources,indicative",together
2026-09-26T19:11:18Z,intraday,EU-CRI-H100-SPOT-GLOBAL,2.4638,2.160659,5,"no_executable_input,indicative",together
2026-09-26T19:11:18Z,intraday,EU-CRI-H100-MKT,,,2,insufficient_sources,together
2026-09-26T19:11:18Z,intraday,EU-CRI-H100-NC,3.774279,3.3099,6,no_executable_input,together
2026-09-26T19:11:18Z,intraday,EU-CRI-H100-HS,,,4,insufficient_sources,together
2026-09-26T19:11:18Z,intraday,EU-CRI-H200,,,3,insufficient_sources,together
2026-09-26T19:11:18Z,intraday,EU-CRI-B200,,,2,insufficient_sources,together
2026-09-26T19:11:18Z,intraday,EU-CRI-A100,,,3,insufficient_sources,together
2026-09-26T19:11:18Z,intraday,EU-CRI-H100-PCIE,,,2,insufficient_sources,together
2026-09-26T20:13:19Z,intraday,EU-CRI-H100,3.49,3.060598,8,,together
2026-09-26T20:13:19Z,intraday,EU-CRI-H100-US,3.49,3.060598,5,indicative,together
2026-09-26T20:13:19Z,intraday,EU-CRI-H100-GLOBAL,3.49,3.060598,9,indicative,together
2026-09-26T20:13:19Z,intraday,EU-CRI-H100-SPOT,,,4,"insufficient_sources,indicative",together
2026-09-26T20:13:19Z,intraday,EU-CRI-H100-SPOT-US,,,3,"insufficient_sources,indicative",together
2026-09-26T20:13:19Z,intraday,EU-CRI-H100-SPOT-GLOBAL,2.4638,2.160659,5,"no_executable_input,indicative",together
2026-09-26T20:13:19Z,intraday,EU-CRI-H100-MKT,,,2,insufficient_sources,together
2026-09-26T20:13:19Z,intraday,EU-CRI-H100-NC,3.774279,3.3099,6,no_executable_input,together
2026-09-26T20:13:19Z,intraday,EU-CRI-H100-HS,,,4,insufficient_sources,together
2026-09-26T20:13:19Z,intraday,EU-CRI-H200,,,4,insufficient_sources,together
2026-09-26T20:13:19Z,intraday,EU-CRI-B200,,,2,insufficient_sources,together
2026-09-26T20:13:19Z,intraday,EU-CRI-A100,,,3,insufficient_sources,together
2026-09-26T20:13:19Z,intraday,EU-CRI-H100-PCIE,,,2,insufficient_sources,together
2026-09-26T21:12:26Z,intraday,EU-CRI-H100,3.49,3.060598,8,,together
2026-09-26T21:12:26Z,intraday,EU-CRI-H100-US,3.49,3.060598,5,indicative,together
2026-09-26T21:12:26Z,intraday,EU-CRI-H100-GLOBAL,3.49,3.060598,9,indicative,together
2026-09-26T21:12:26Z,intraday,EU-CRI-H100-SPOT,,,4,"insufficient_sources,indicative",together
2026-09-26T21:12:26Z,intraday,EU-CRI-H100-SPOT-US,,,3,"insufficient_sources,indicative",together
2026-09-26T21:12:26Z,intraday,EU-CRI-H100-SPOT-GLOBAL,2.4638,2.160659,5,"no_executable_input,indicative",together
2026-09-26T21:12:26Z,intraday,EU-CRI-H100-MKT,,,2,insufficient_sources,together
2026-09-26T21:12:26Z,intraday,EU-CRI-H100-NC,3.774279,3.3099,6,no_executable_input,together
2026-09-26T21:12:26Z,intraday,EU-CRI-H100-HS,,,4,insufficient_sources,together
2026-09-26T21:12:26Z,intraday,EU-CRI-H200,,,3,insufficient_sources,together
2026-09-26T21:12:26Z,intraday,EU-CRI-B200,,,2,insufficient_sources,together
2026-09-26T21:12:26Z,intraday,EU-CRI-A100,,,4,insufficient_sources,together
2026-09-26T21:12:26Z,intraday,EU-CRI-H100-PCIE,,,2,insufficient_sources,together
2026-09-26T22:13:27Z,intraday,EU-CRI-H100,3.49,3.060598,8,,together
2026-09-26T22:13:27Z,intraday,EU-CRI-H100-US,3.49,3.060598,5,indicative,together
2026-09-26T22:13:27Z,intraday,EU-CRI-H100-GLOBAL,3.49,3.060598,9,indicative,together
2026-09-26T22:13:27Z,intraday,EU-CRI-H100-SPOT,,,4,"insufficient_sources,indicative",together
2026-09-26T22:13:27Z,intraday,EU-CRI-H100-SPOT-US,,,3,"insufficient_sources,indicative",together
2026-09-26T22:13:27Z,intraday,EU-CRI-H100-SPOT-GLOBAL,2.4638,2.160659,5,"no_executable_input,indicative",together
2026-09-26T22:13:27Z,intraday,EU-CRI-H100-MKT,,,2,insufficient_sources,together
2026-09-26T22:13:27Z,intraday,EU-CRI-H100-NC,3.774279,3.3099,6,no_executable_input,together
2026-09-26T22:13:27Z,intraday,EU-CRI-H100-HS,,,4,insufficient_sources,together
2026-09-26T22:13:27Z,intraday,EU-CRI-H200,,,3,insufficient_sources,together
2026-09-26T22:13:27Z,intraday,EU-CRI-B200,,,2,insufficient_sources,together
2026-09-26T22:13:27Z,intraday,EU-CRI-A100,,,4,insufficient_sources,together
2026-09-26T22:13:27Z,intraday,EU-CRI-H100-PCIE,,,2,insufficient_sources,together
2026-09-26T23:12:54Z,intraday,EU-CRI-H100,3.49,3.060598,8,,together
2026-09-26T23:12:54Z,intraday,EU-CRI-H100-US,3.49,3.060598,5,indicative,together
2026-09-26T23:12:54Z,intraday,EU-CRI-H100-GLOBAL,3.49,3.060598,9,indicative,together
2026-09-26T23:12:54Z,intraday,EU-CRI-H100-SPOT,,,4,"insufficient_sources,indicative",together
2026-09-26T23:12:54Z,intraday,EU-CRI-H100-SPOT-US,,,3,"insufficient_sources,indicative",together
2026-09-26T23:12:54Z,intraday,EU-CRI-H100-SPOT-GLOBAL,2.4638,2.160659,5,"no_executable_input,indicative",together
2026-09-26T23:12:54Z,intraday,EU-CRI-H100-MKT,,,2,insufficient_sources,together
2026-09-26T23:12:54Z,intraday,EU-CRI-H100-NC,3.774279,3.3099,6,no_executable_input,together
2026-09-26T23:12:54Z,intraday,EU-CRI-H100-HS,,,4,insufficient_sources,together
2026-09-26T23:12:54Z,intraday,EU-CRI-H200,,,3,insufficient_sources,together
2026-09-26T23:12:54Z,intraday,EU-CRI-B200,,,2,insufficient_sources,together
2026-09-26T23:12:54Z,intraday,EU-CRI-A100,,,3,insufficient_sources,together
2026-09-26T23:12:54Z,intraday,EU-CRI-H100-PCIE,,,2,insufficient_sources,together
2026-09-27T00:46:01Z,intraday,EU-CRI-H100,3.49,3.060598,8,,together
2026-09-27T00:46:01Z,intraday,EU-CRI-H100-US,,,4,"insufficient_sources,indicative",together
2026-09-27T00:46:01Z,intraday,EU-CRI-H100-GLOBAL,3.49,3.060598,9,indicative,together
2026-09-27T00:46:01Z,intraday,EU-CRI-H100-SPOT,,,4,"insufficient_sources,indicative",together
2026-09-27T00:46:01Z,intraday,EU-CRI-H100-SPOT-US,,,3,"insufficient_sources,indicative",together
2026-09-27T00:46:01Z,intraday,EU-CRI-H100-SPOT-GLOBAL,2.488888,2.18266,5,"no_executable_input,indicative",together
2026-09-27T00:46:01Z,intraday,EU-CRI-H100-MKT,,,2,insufficient_sources,together
2026-09-27T00:46:01Z,intraday,EU-CRI-H100-NC,3.774279,3.3099,6,no_executable_input,together
2026-09-27T00:46:01Z,intraday,EU-CRI-H100-HS,,,4,insufficient_sources,together
2026-09-27T00:46:01Z,intraday,EU-CRI-H200,,,3,insufficient_sources,together
2026-09-27T00:46:01Z,intraday,EU-CRI-B200,,,2,insufficient_sources,together
2026-09-27T00:46:01Z,intraday,EU-CRI-A100,,,4,insufficient_sources,together
2026-09-27T00:46:01Z,intraday,EU-CRI-H100-PCIE,,,2,insufficient_sources,together
2026-09-27T01:32:17Z,intraday,EU-CRI-H100,3.49,3.060598,8,,together
2026-09-27T01:32:17Z,intraday,EU-CRI-H100-US,3.49,3.060598,5,indicative,together
2026-09-27T01:32:17Z,intraday,EU-CRI-H100-GLOBAL,3.49,3.060598,9,indicative,together
2026-09-27T01:32:17Z,intraday,EU-CRI-H100-SPOT,,,4,"insufficient_sources,indicative",together
2026-09-27T01:32:17Z,intraday,EU-CRI-H100-SPOT-US,,,3,"insufficient_sources,indicative",together
2026-09-27T01:32:17Z,intraday,EU-CRI-H100-SPOT-GLOBAL,2.488888,2.18266,5,"no_executable_input,indicative",together
2026-09-27T01:32:17Z,intraday,EU-CRI-H100-MKT,,,2,insufficient_sources,together
2026-09-27T01:32:17Z,intraday,EU-CRI-H100-NC,3.774279,3.3099,6,no_executable_input,together
2026-09-27T01:32:17Z,intraday,EU-CRI-H100-HS,,,4,insufficient_sources,together
2026-09-27T01:32:17Z,intraday,EU-CRI-H200,,,3,insufficient_sources,together
2026-09-27T01:32:17Z,intraday,EU-CRI-B200,,,2,insufficient_sources,together
2026-09-27T01:32:17Z,intraday,EU-CRI-A100,,,4,insufficient_sources,together
2026-09-27T01:32:17Z,intraday,EU-CRI-H100-PCIE,,,2,insufficient_sources,together
2026-09-27T02:24:18Z,intraday,EU-CRI-H100,3.49,3.060598,8,,
2026-09-27T02:24:18Z,intraday,EU-CRI-H100-US,3.49,3.060598,5,indicative,
2026-09-27T02:24:18Z,intraday,EU-CRI-H100-GLOBAL,3.49,3.060598,9,indicative,
2026-09-27T02:24:18Z,intraday,EU-CRI-H100-SPOT,,,4,"insufficient_sources,indicative",
2026-09-27T02:24:18Z,intraday,EU-CRI-H100-SPOT-US,,,3,"insufficient_sources,indicative",
2026-09-27T02:24:18Z,intraday,EU-CRI-H100-SPOT-GLOBAL,2.488888,2.18266,5,"no_executable_input,indicative",
2026-09-27T02:24:18Z,intraday,EU-CRI-H100-MKT,,,2,insufficient_sources,
2026-09-27T02:24:18Z,intraday,EU-CRI-H100-NC,3.774279,3.3099,6,no_executable_input,
2026-09-27T02:24:18Z,intraday,EU-CRI-H100-HS,,,4,insufficient_sources,
2026-09-27T02:24:18Z,intraday,EU-CRI-H200,,,3,insufficient_sources,
2026-09-27T02:24:18Z,intraday,EU-CRI-B200,,,2,insufficient_sources,
2026-09-27T02:24:18Z,intraday,EU-CRI-A100,,,4,insufficient_sources,
2026-09-27T02:24:18Z,intraday,EU-CRI-H100-PCIE,,,2,insufficient_sources,
2026-09-27T03:19:00Z,intraday,EU-CRI-H100,3.49,3.060598,8,,
2026-09-27T03:19:00Z,intraday,EU-CRI-H100-US,3.49,3.060598,5,indicative,
2026-09-27T03:19:00Z,intraday,EU-CRI-H100-GLOBAL,3.49,3.060598,9,indicative,
2026-09-27T03:19:00Z,intraday,EU-CRI-H100-SPOT,,,4,"insufficient_sources,indicative",
2026-09-27T03:19:00Z,intraday,EU-CRI-H100-SPOT-US,,,3,"insufficient_sources,indicative",
2026-09-27T03:19:00Z,intraday,EU-CRI-H100-SPOT-GLOBAL,2.488888,2.18266,5,"no_executable_input,indicative",
2026-09-27T03:19:00Z,intraday,EU-CRI-H100-MKT,,,2,insufficient_sources,
2026-09-27T03:19:00Z,intraday,EU-CRI-H100-NC,3.774279,3.3099,6,no_executable_input,
2026-09-27T03:19:00Z,intraday,EU-CRI-H100-HS,,,4,insufficient_sources,
2026-09-27T03:19:00Z,intraday,EU-CRI-H200,,,3,insufficient_sources,
2026-09-27T03:19:00Z,intraday,EU-CRI-B200,,,2,insufficient_sources,
2026-09-27T03:19:00Z,intraday,EU-CRI-A100,,,4,insufficient_sources,
2026-09-27T03:19:00Z,intraday,EU-CRI-H100-PCIE,,,2,insufficient_sources,
2026-09-27T04:17:20Z,intraday,EU-CRI-H100,3.49,3.060598,8,,
2026-09-27T04:17:20Z,intraday,EU-CRI-H100-US,3.49,3.060598,5,indicative,
2026-09-27T04:17:20Z,intraday,EU-CRI-H100-GLOBAL,3.49,3.060598,9,indicative,
2026-09-27T04:17:20Z,intraday,EU-CRI-H100-SPOT,,,4,"insufficient_sources,indicative",
2026-09-27T04:17:20Z,intraday,EU-CRI-H100-SPOT-US,,,3,"insufficient_sources,indicative",
2026-09-27T04:17:20Z,intraday,EU-CRI-H100-SPOT-GLOBAL,2.488888,2.18266,5,"no_executable_input,indicative",
2026-09-27T04:17:20Z,intraday,EU-CRI-H100-MKT,,,2,insufficient_sources,
2026-09-27T04:17:20Z,intraday,EU-CRI-H100-NC,3.774279,3.3099,6,no_executable_input,
2026-09-27T04:17:20Z,intraday,EU-CRI-H100-HS,,,4,insufficient_sources,
2026-09-27T04:17:20Z,intraday,EU-CRI-H200,,,4,insufficient_sources,
2026-09-27T04:17:20Z,intraday,EU-CRI-B200,,,2,insufficient_sources,
2026-09-27T04:17:20Z,intraday,EU-CRI-A100,,,3,insufficient_sources,
2026-09-27T04:17:20Z,intraday,EU-CRI-H100-PCIE,,,2,insufficient_sources,
2026-09-27T05:14:27Z,intraday,EU-CRI-H100,3.49,3.060598,8,,
2026-09-27T05:14:27Z,intraday,EU-CRI-H100-US,3.49,3.060598,5,indicative,
2026-09-27T05:14:27Z,intraday,EU-CRI-H100-GLOBAL,3.49,3.060598,9,indicative,
2026-09-27T05:14:27Z,intraday,EU-CRI-H100-SPOT,,,4,"insufficient_sources,indicative",
2026-09-27T05:14:27Z,intraday,EU-CRI-H100-SPOT-US,,,3,"insufficient_sources,indicative",
2026-09-27T05:14:27Z,intraday,EU-CRI-H100-SPOT-GLOBAL,2.488888,2.18266,5,"no_executable_input,indicative",
2026-09-27T05:14:27Z,intraday,EU-CRI-H100-MKT,,,2,insufficient_sources,
2026-09-27T05:14:27Z,intraday,EU-CRI-H100-NC,3.774279,3.3099,6,no_executable_input,
2026-09-27T05:14:27Z,intraday,EU-CRI-H100-HS,,,4,insufficient_sources,
2026-09-27T05:14:27Z,intraday,EU-CRI-H200,,,3,insufficient_sources,
2026-09-27T05:14:27Z,intraday,EU-CRI-B200,,,2,insufficient_sources,
2026-09-27T05:14:27Z,intraday,EU-CRI-A100,,,4,insufficient_sources,
2026-09-27T05:14:27Z,intraday,EU-CRI-H100-PCIE,,,2,insufficient_sources,
2026-09-27T06:24:55Z,intraday,EU-CRI-H100,3.49,3.060598,8,,
2026-09-27T06:24:55Z,intraday,EU-CRI-H100-US,,,4,"insufficient_sources,indicative",
2026-09-27T06:24:55Z,intraday,EU-CRI-H100-GLOBAL,3.49,3.060598,9,indicative,
2026-09-27T06:24:55Z,intraday,EU-CRI-H100-SPOT,,,4,"insufficient_sources,indicative",
2026-09-27T06:24:55Z,intraday,EU-CRI-H100-SPOT-US,,,3,"insufficient_sources,indicative",
2026-09-27T06:24:55Z,intraday,EU-CRI-H100-SPOT-GLOBAL,2.510813,2.201888,5,"no_executable_input,indicative",
2026-09-27T06:24:55Z,intraday,EU-CRI-H100-MKT,,,2,insufficient_sources,
2026-09-27T06:24:55Z,intraday,EU-CRI-H100-NC,3.774279,3.3099,6,no_executable_input,
2026-09-27T06:24:55Z,intraday,EU-CRI-H100-HS,,,4,insufficient_sources,
2026-09-27T06:24:55Z,intraday,EU-CRI-H200,,,4,insufficient_sources,
2026-09-27T06:24:55Z,intraday,EU-CRI-B200,,,2,insufficient_sources,
2026-09-27T06:24:55Z,intraday,EU-CRI-A100,,,3,insufficient_sources,
2026-09-27T06:24:55Z,intraday,EU-CRI-H100-PCIE,,,2,insufficient_sources,
2026-09-27T07:16:16Z,intraday,EU-CRI-H100,3.49,3.060598,8,,
2026-09-27T07:16:16Z,intraday,EU-CRI-H100-US,,,4,"insufficient_sources,indicative",
2026-09-27T07:16:16Z,intraday,EU-CRI-H100-GLOBAL,3.49,3.060598,9,indicative,
2026-09-27T07:16:16Z,intraday,EU-CRI-H100-SPOT,,,4,"insufficient_sources,indicative",
2026-09-27T07:16:16Z,intraday,EU-CRI-H100-SPOT-US,,,3,"insufficient_sources,indicative",
2026-09-27T07:16:16Z,intraday,EU-CRI-H100-SPOT-GLOBAL,2.510813,2.201888,5,"no_executable_input,indicative",
2026-09-27T07:16:16Z,intraday,EU-CRI-H100-MKT,,,2,insufficient_sources,
2026-09-27T07:16:16Z,intraday,EU-CRI-H100-NC,3.774279,3.3099,6,no_executable_input,
2026-09-27T07:16:16Z,intraday,EU-CRI-H100-HS,,,4,insufficient_sources,
2026-09-27T07:16:16Z,intraday,EU-CRI-H200,,,4,insufficient_sources,
2026-09-27T07:16:16Z,intraday,EU-CRI-B200,,,2,insufficient_sources,
2026-09-27T07:16:16Z,intraday,EU-CRI-A100,,,3,insufficient_sources,
2026-09-27T07:16:16Z,intraday,EU-CRI-H100-PCIE,,,2,insufficient_sources,
2026-09-27T08:18:57Z,intraday,EU-CRI-H100,3.49,3.060598,8,,
2026-09-27T08:18:57Z,intraday,EU-CRI-H100-US,,,4,"insufficient_sources,indicative",
2026-09-27T08:18:57Z,intraday,EU-CRI-H100-GLOBAL,3.49,3.060598,9,indicative,
2026-09-27T08:18:57Z,intraday,EU-CRI-H100-SPOT,,,4,"insufficient_sources,indicative",
2026-09-27T08:18:57Z,intraday,EU-CRI-H100-SPOT-US,,,3,"insufficient_sources,indicative",
2026-09-27T08:18:57Z,intraday,EU-CRI-H100-SPOT-GLOBAL,2.4638,2.160659,6,"no_executable_input,indicative",
2026-09-27T08:18:57Z,intraday,EU-CRI-H100-MKT,,,2,insufficient_sources,
2026-09-27T08:18:57Z,intraday,EU-CRI-H100-NC,3.774279,3.3099,6,no_executable_input,
2026-09-27T08:18:57Z,intraday,EU-CRI-H100-HS,,,4,insufficient_sources,
2026-09-27T08:18:57Z,intraday,EU-CRI-H200,,,3,insufficient_sources,
2026-09-27T08:18:57Z,intraday,EU-CRI-B200,,,2,insufficient_sources,
2026-09-27T08:18:57Z,intraday,EU-CRI-A100,,,3,insufficient_sources,
2026-09-27T08:18:57Z,intraday,EU-CRI-H100-PCIE,,,2,insufficient_sources,
2026-09-27T09:15:12Z,intraday,EU-CRI-H100,3.52,3.086907,8,,
2026-09-27T09:15:12Z,intraday,EU-CRI-H100-US,,,4,"insufficient_sources,indicative",
2026-09-27T09:15:12Z,intraday,EU-CRI-H100-GLOBAL,3.49,3.060598,9,indicative,
2026-09-27T09:15:12Z,intraday,EU-CRI-H100-SPOT,,,4,"insufficient_sources,indicative",
2026-09-27T09:15:12Z,intraday,EU-CRI-H100-SPOT-US,,,3,"insufficient_sources,indicative",
2026-09-27T09:15:12Z,intraday,EU-CRI-H100-SPOT-GLOBAL,2.4638,2.160659,6,"no_executable_input,indicative",
2026-09-27T09:15:12Z,intraday,EU-CRI-H100-MKT,,,2,insufficient_sources,
2026-09-27T09:15:12Z,intraday,EU-CRI-H100-NC,3.774279,3.3099,6,no_executable_input,
2026-09-27T09:15:12Z,intraday,EU-CRI-H100-HS,,,4,insufficient_sources,
2026-09-27T09:15:12Z,intraday,EU-CRI-H200,,,3,insufficient_sources,
2026-09-27T09:15:12Z,intraday,EU-CRI-B200,,,2,insufficient_sources,
2026-09-27T09:15:12Z,intraday,EU-CRI-A100,,,3,insufficient_sources,
2026-09-27T09:15:12Z,intraday,EU-CRI-H100-PCIE,,,3,insufficient_sources,
2026-09-27T10:13:43Z,intraday,EU-CRI-H100,3.49,3.060598,8,,
2026-09-27T10:13:43Z,intraday,EU-CRI-H100-US,,,4,"insufficient_sources,indicative",
2026-09-27T10:13:43Z,intraday,EU-CRI-H100-GLOBAL,3.49,3.060598,9,indicative,
2026-09-27T10:13:43Z,intraday,EU-CRI-H100-SPOT,,,4,"insufficient_sources,indicative",
2026-09-27T10:13:43Z,intraday,EU-CRI-H100-SPOT-US,,,3,"insufficient_sources,indicative",
2026-09-27T10:13:43Z,intraday,EU-CRI-H100-SPOT-GLOBAL,2.4638,2.160659,6,"no_executable_input,indicative",
2026-09-27T10:13:43Z,intraday,EU-CRI-H100-MKT,,,2,insufficient_sources,
2026-09-27T10:13:43Z,intraday,EU-CRI-H100-NC,3.774279,3.3099,6,no_executable_input,
2026-09-27T10:13:43Z,intraday,EU-CRI-H100-HS,,,4,insufficient_sources,
2026-09-27T10:13:43Z,intraday,EU-CRI-H200,,,3,insufficient_sources,
2026-09-27T10:13:43Z,intraday,EU-CRI-B200,,,2,insufficient_sources,
2026-09-27T10:13:43Z,intraday,EU-CRI-A100,,,3,insufficient_sources,
2026-09-27T10:13:43Z,intraday,EU-CRI-H100-PCIE,,,3,insufficient_sources,
2026-09-27T11:10:39Z,fixing,EU-CRI-H100,3.49,3.060598,8,,
2026-09-27T11:10:39Z,fixing,EU-CRI-H100-US,,,4,"insufficient_sources,indicative",
2026-09-27T11:10:39Z,fixing,EU-CRI-H100-GLOBAL,3.49,3.060598,9,indicative,
2026-09-27T11:10:39Z,fixing,EU-CRI-H100-SPOT,,,4,"insufficient_sources,indicative",
2026-09-27T11:10:39Z,fixing,EU-CRI-H100-SPOT-US,,,3,"insufficient_sources,indicative",
2026-09-27T11:10:39Z,fixing,EU-CRI-H100-SPOT-GLOBAL,2.4638,2.160659,6,"no_executable_input,indicative",
2026-09-27T11:10:39Z,fixing,EU-CRI-H100-MKT,,,2,insufficient_sources,
2026-09-27T11:10:39Z,fixing,EU-CRI-H100-NC,3.774279,3.3099,6,no_executable_input,
2026-09-27T11:10:39Z,fixing,EU-CRI-H100-HS,,,4,insufficient_sources,
2026-09-27T11:10:39Z,fixing,EU-CRI-H200,,,3,insufficient_sources,
2026-09-27T11:10:39Z,fixing,EU-CRI-B200,,,2,insufficient_sources,
2026-09-27T11:10:39Z,fixing,EU-CRI-A100,,,3,insufficient_sources,
2026-09-27T11:10:39Z,fixing,EU-CRI-H100-PCIE,,,2,insufficient_sources,
2026-09-27T12:20:50Z,intraday,EU-CRI-H100,3.509022,3.07728,8,,
2026-09-27T12:20:50Z,intraday,EU-CRI-H100-US,,,4,"insufficient_sources,indicative",
2026-09-27T12:20:50Z,intraday,EU-CRI-H100-GLOBAL,3.49,3.060598,9,indicative,
2026-09-27T12:20:50Z,intraday,EU-CRI-H100-SPOT,,,4,"insufficient_sources,indicative",
2026-09-27T12:20:50Z,intraday,EU-CRI-H100-SPOT-US,,,3,"insufficient_sources,indicative",
2026-09-27T12:20:50Z,intraday,EU-CRI-H100-SPOT-GLOBAL,2.4638,2.160659,6,"no_executable_input,indicative",
2026-09-27T12:20:50Z,intraday,EU-CRI-H100-MKT,,,2,insufficient_sources,
2026-09-27T12:20:50Z,intraday,EU-CRI-H100-NC,3.774279,3.3099,6,no_executable_input,
2026-09-27T12:20:50Z,intraday,EU-CRI-H100-HS,,,4,insufficient_sources,
2026-09-27T12:20:50Z,intraday,EU-CRI-H200,,,3,insufficient_sources,
2026-09-27T12:20:50Z,intraday,EU-CRI-B200,,,2,insufficient_sources,
2026-09-27T12:20:50Z,intraday,EU-CRI-A100,,,3,insufficient_sources,
2026-09-27T12:20:50Z,intraday,EU-CRI-H100-PCIE,,,3,insufficient_sources,
2026-09-27T13:12:36Z,intraday,EU-CRI-H100,3.49,3.060598,8,,
2026-09-27T13:12:36Z,intraday,EU-CRI-H100-US,,,4,"insufficient_sources,indicative",
2026-09-27T13:12:36Z,intraday,EU-CRI-H100-GLOBAL,3.49,3.060598,9,indicative,
2026-09-27T13:12:36Z,intraday,EU-CRI-H100-SPOT,,,4,"insufficient_sources,indicative",
2026-09-27T13:12:36Z,intraday,EU-CRI-H100-SPOT-US,,,3,"insufficient_sources,indicative",
2026-09-27T13:12:36Z,intraday,EU-CRI-H100-SPOT-GLOBAL,2.4638,2.160659,6,"no_executable_input,indicative",
2026-09-27T13:12:36Z,intraday,EU-CRI-H100-MKT,,,2,insufficient_sources,
2026-09-27T13:12:36Z,intraday,EU-CRI-H100-NC,3.774279,3.3099,6,no_executable_input,
2026-09-27T13:12:36Z,intraday,EU-CRI-H100-HS,,,4,insufficient_sources,
2026-09-27T13:12:36Z,intraday,EU-CRI-H200,,,3,insufficient_sources,
2026-09-27T13:12:36Z,intraday,EU-CRI-B200,,,2,insufficient_sources,
2026-09-27T13:12:36Z,intraday,EU-CRI-A100,,,4,insufficient_sources,
2026-09-27T13:12:36Z,intraday,EU-CRI-H100-PCIE,,,3,insufficient_sources,
2026-09-27T14:13:14Z,intraday,EU-CRI-H100,3.49,3.060598,8,,
2026-09-27T14:13:14Z,intraday,EU-CRI-H100-US,,,4,"insufficient_sources,indicative",
2026-09-27T14:13:14Z,intraday,EU-CRI-H100-GLOBAL,3.49,3.060598,9,indicative,
2026-09-27T14:13:14Z,intraday,EU-CRI-H100-SPOT,,,4,"insufficient_sources,indicative",
2026-09-27T14:13:14Z,intraday,EU-CRI-H100-SPOT-US,,,3,"insufficient_sources,indicative",
2026-09-27T14:13:14Z,intraday,EU-CRI-H100-SPOT-GLOBAL,2.4638,2.160659,6,"no_executable_input,indicative",
2026-09-27T14:13:14Z,intraday,EU-CRI-H100-MKT,,,2,insufficient_sources,
2026-09-27T14:13:14Z,intraday,EU-CRI-H100-NC,3.774279,3.3099,6,no_executable_input,
2026-09-27T14:13:14Z,intraday,EU-CRI-H100-HS,,,4,insufficient_sources,
2026-09-27T14:13:14Z,intraday,EU-CRI-H200,,,3,insufficient_sources,
2026-09-27T14:13:14Z,intraday,EU-CRI-B200,,,3,insufficient_sources,
2026-09-27T14:13:14Z,intraday,EU-CRI-A100,,,4,insufficient_sources,
2026-09-27T14:13:14Z,intraday,EU-CRI-H100-PCIE,,,3,insufficient_sources,
2026-09-27T15:13:22Z,intraday,EU-CRI-H100,3.49,3.060598,8,,
2026-09-27T15:13:22Z,intraday,EU-CRI-H100-US,,,4,"insufficient_sources,indicative",
2026-09-27T15:13:22Z,intraday,EU-CRI-H100-GLOBAL,3.49,3.060598,9,indicative,
2026-09-27T15:13:22Z,intraday,EU-CRI-H100-SPOT,,,4,"insufficient_sources,indicative",
2026-09-27T15:13:22Z,intraday,EU-CRI-H100-SPOT-US,,,3,"insufficient_sources,indicative",
2026-09-27T15:13:22Z,intraday,EU-CRI-H100-SPOT-GLOBAL,2.4638,2.160659,6,"no_executable_input,indicative",
2026-09-27T15:13:22Z,intraday,EU-CRI-H100-MKT,,,2,insufficient_sources,
2026-09-27T15:13:22Z,intraday,EU-CRI-H100-NC,3.774279,3.3099,6,no_executable_input,
2026-09-27T15:13:22Z,intraday,EU-CRI-H100-HS,,,4,insufficient_sources,
2026-09-27T15:13:22Z,intraday,EU-CRI-H200,,,3,insufficient_sources,
2026-09-27T15:13:22Z,intraday,EU-CRI-B200,,,2,insufficient_sources,
2026-09-27T15:13:22Z,intraday,EU-CRI-A100,,,3,insufficient_sources,
2026-09-27T15:13:22Z,intraday,EU-CRI-H100-PCIE,,,3,insufficient_sources,
2026-09-27T16:15:16Z,intraday,EU-CRI-H100,3.49,3.060598,8,,
2026-09-27T16:15:16Z,intraday,EU-CRI-H100-US,,,4,"insufficient_sources,indicative",
2026-09-27T16:15:16Z,intraday,EU-CRI-H100-GLOBAL,3.49,3.060598,9,indicative,
2026-09-27T16:15:16Z,intraday,EU-CRI-H100-SPOT,,,4,"insufficient_sources,indicative",
2026-09-27T16:15:16Z,intraday,EU-CRI-H100-SPOT-US,,,3,"insufficient_sources,indicative",
2026-09-27T16:15:16Z,intraday,EU-CRI-H100-SPOT-GLOBAL,2.4638,2.160659,6,"no_executable_input,indicative",
2026-09-27T16:15:16Z,intraday,EU-CRI-H100-MKT,,,2,insufficient_sources,
2026-09-27T16:15:16Z,intraday,EU-CRI-H100-NC,3.774279,3.3099,6,no_executable_input,
2026-09-27T16:15:16Z,intraday,EU-CRI-H100-HS,,,4,insufficient_sources,
2026-09-27T16:15:16Z,intraday,EU-CRI-H200,,,3,insufficient_sources,
2026-09-27T16:15:16Z,intraday,EU-CRI-B200,,,2,insufficient_sources,
2026-09-27T16:15:16Z,intraday,EU-CRI-A100,,,3,insufficient_sources,
2026-09-27T16:15:16Z,intraday,EU-CRI-H100-PCIE,,,2,insufficient_sources,
2026-09-27T17:12:28Z,intraday,EU-CRI-H100,3.49,3.060598,8,,
2026-09-27T17:12:28Z,intraday,EU-CRI-H100-US,,,4,"insufficient_sources,indicative",
2026-09-27T17:12:28Z,intraday,EU-CRI-H100-GLOBAL,3.49,3.060598,9,indicative,
2026-09-27T17:12:28Z,intraday,EU-CRI-H100-SPOT,,,4,"insufficient_sources,indicative",
2026-09-27T17:12:28Z,intraday,EU-CRI-H100-SPOT-US,,,3,"insufficient_sources,indicative",
2026-09-27T17:12:28Z,intraday,EU-CRI-H100-SPOT-GLOBAL,2.4638,2.160659,6,"no_executable_input,indicative",
2026-09-27T17:12:28Z,intraday,EU-CRI-H100-MKT,,,2,insufficient_sources,
2026-09-27T17:12:28Z,intraday,EU-CRI-H100-NC,3.774279,3.3099,6,no_executable_input,
2026-09-27T17:12:28Z,intraday,EU-CRI-H100-HS,,,4,insufficient_sources,
2026-09-27T17:12:28Z,intraday,EU-CRI-H200,,,3,insufficient_sources,
2026-09-27T17:12:28Z,intraday,EU-CRI-B200,,,3,insufficient_sources,
2026-09-27T17:12:28Z,intraday,EU-CRI-A100,,,3,insufficient_sources,
2026-09-27T17:12:28Z,intraday,EU-CRI-H100-PCIE,,,3,insufficient_sources,
2026-09-27T18:17:24Z,intraday,EU-CRI-H100,3.49,3.060598,8,,
2026-09-27T18:17:24Z,intraday,EU-CRI-H100-US,,,4,"insufficient_sources,indicative",
2026-09-27T18:17:24Z,intraday,EU-CRI-H100-GLOBAL,3.49,3.060598,9,indicative,
2026-09-27T18:17:24Z,intraday,EU-CRI-H100-SPOT,,,4,"insufficient_sources,indicative",
2026-09-27T18:17:24Z,intraday,EU-CRI-H100-SPOT-US,,,3,"insufficient_sources,indicative",
2026-09-27T18:17:24Z,intraday,EU-CRI-H100-SPOT-GLOBAL,2.4638,2.160659,6,"no_executable_input,indicative",
2026-09-27T18:17:24Z,intraday,EU-CRI-H100-MKT,,,2,insufficient_sources,
2026-09-27T18:17:24Z,intraday,EU-CRI-H100-NC,3.774279,3.3099,6,no_executable_input,
2026-09-27T18:17:24Z,intraday,EU-CRI-H100-HS,,,4,insufficient_sources,
2026-09-27T18:17:24Z,intraday,EU-CRI-H200,,,3,insufficient_sources,
2026-09-27T18:17:24Z,intraday,EU-CRI-B200,,,2,insufficient_sources,
2026-09-27T18:17:24Z,intraday,EU-CRI-A100,,,3,insufficient_sources,
2026-09-27T18:17:24Z,intraday,EU-CRI-H100-PCIE,,,3,insufficient_sources,
2026-09-27T19:11:13Z,intraday,EU-CRI-H100,3.49,3.060598,8,,
2026-09-27T19:11:13Z,intraday,EU-CRI-H100-US,,,4,"insufficient_sources,indicative",
2026-09-27T19:11:13Z,intraday,EU-CRI-H100-GLOBAL,3.49,3.060598,9,indicative,
2026-09-27T19:11:13Z,intraday,EU-CRI-H100-SPOT,,,4,"insufficient_sources,indicative",
2026-09-27T19:11:13Z,intraday,EU-CRI-H100-SPOT-US,,,3,"insufficient_sources,indicative",
2026-09-27T19:11:13Z,intraday,EU-CRI-H100-SPOT-GLOBAL,2.4638,2.160659,6,"no_executable_input,indicative",
2026-09-27T19:11:13Z,intraday,EU-CRI-H100-MKT,,,2,insufficient_sources,
2026-09-27T19:11:13Z,intraday,EU-CRI-H100-NC,3.774279,3.3099,6,no_executable_input,
2026-09-27T19:11:13Z,intraday,EU-CRI-H100-HS,,,4,insufficient_sources,
2026-09-27T19:11:13Z,intraday,EU-CRI-H200,,,3,insufficient_sources,
2026-09-27T19:11:13Z,intraday,EU-CRI-B200,,,2,insufficient_sources,
2026-09-27T19:11:13Z,intraday,EU-CRI-A100,,,3,insufficient_sources,
2026-09-27T19:11:13Z,intraday,EU-CRI-H100-PCIE,,,3,insufficient_sources,
2026-09-27T20:14:26Z,intraday,EU-CRI-H100,3.49,3.060598,8,,
2026-09-27T20:14:26Z,intraday,EU-CRI-H100-US,,,4,"insufficient_sources,indicative",
2026-09-27T20:14:26Z,intraday,EU-CRI-H100-GLOBAL,3.49,3.060598,9,indicative,
2026-09-27T20:14:26Z,intraday,EU-CRI-H100-SPOT,,,4,"insufficient_sources,indicative",
2026-09-27T20:14:26Z,intraday,EU-CRI-H100-SPOT-US,,,3,"insufficient_sources,indicative",
2026-09-27T20:14:26Z,intraday,EU-CRI-H100-SPOT-GLOBAL,2.4638,2.160659,6,"no_executable_input,indicative",
2026-09-27T20:14:26Z,intraday,EU-CRI-H100-MKT,,,2,insufficient_sources,
2026-09-27T20:14:26Z,intraday,EU-CRI-H100-NC,3.774279,3.3099,6,no_executable_input,
2026-09-27T20:14:26Z,intraday,EU-CRI-H100-HS,,,4,insufficient_sources,
2026-09-27T20:14:26Z,intraday,EU-CRI-H200,,,3,insufficient_sources,
2026-09-27T20:14:26Z,intraday,EU-CRI-B200,,,2,insufficient_sources,
2026-09-27T20:14:26Z,intraday,EU-CRI-A100,,,4,insufficient_sources,
2026-09-27T20:14:26Z,intraday,EU-CRI-H100-PCIE,,,3,insufficient_sources,
2026-09-27T21:13:10Z,intraday,EU-CRI-H100,3.49,3.060598,8,,
2026-09-27T21:13:10Z,intraday,EU-CRI-H100-US,,,4,"insufficient_sources,indicative",
2026-09-27T21:13:10Z,intraday,EU-CRI-H100-GLOBAL,3.49,3.060598,9,indicative,
2026-09-27T21:13:10Z,intraday,EU-CRI-H100-SPOT,,,4,"insufficient_sources,indicative",
2026-09-27T21:13:10Z,intraday,EU-CRI-H100-SPOT-US,,,3,"insufficient_sources,indicative",
2026-09-27T21:13:10Z,intraday,EU-CRI-H100-SPOT-GLOBAL,2.4638,2.160659,6,"no_executable_input,indicative",
2026-09-27T21:13:10Z,intraday,EU-CRI-H100-MKT,,,2,insufficient_sources,
2026-09-27T21:13:10Z,intraday,EU-CRI-H100-NC,3.774279,3.3099,6,no_executable_input,
2026-09-27T21:13:10Z,intraday,EU-CRI-H100-HS,,,4,insufficient_sources,
2026-09-27T21:13:10Z,intraday,EU-CRI-H200,,,4,insufficient_sources,
2026-09-27T21:13:10Z,intraday,EU-CRI-B200,,,2,insufficient_sources,
2026-09-27T21:13:10Z,intraday,EU-CRI-A100,,,4,insufficient_sources,
2026-09-27T21:13:10Z,intraday,EU-CRI-H100-PCIE,,,3,insufficient_sources,
2026-09-27T22:13:18Z,intraday,EU-CRI-H100,3.49,3.060598,8,,
2026-09-27T22:13:18Z,intraday,EU-CRI-H100-US,,,4,"insufficient_sources,indicative",
2026-09-27T22:13:18Z,intraday,EU-CRI-H100-GLOBAL,3.49,3.060598,9,indicative,
2026-09-27T22:13:18Z,intraday,EU-CRI-H100-SPOT,,,4,"insufficient_sources,indicative",
2026-09-27T22:13:18Z,intraday,EU-CRI-H100-SPOT-US,,,3,"insufficient_sources,indicative",
2026-09-27T22:13:18Z,intraday,EU-CRI-H100-SPOT-GLOBAL,2.4638,2.160659,6,"no_executable_input,indicative",
2026-09-27T22:13:18Z,intraday,EU-CRI-H100-MKT,,,2,insufficient_sources,
2026-09-27T22:13:18Z,intraday,EU-CRI-H100-NC,3.774279,3.3099,6,no_executable_input,
2026-09-27T22:13:18Z,intraday,EU-CRI-H100-HS,,,4,insufficient_sources,
2026-09-27T22:13:18Z,intraday,EU-CRI-H200,,,4,insufficient_sources,
2026-09-27T22:13:18Z,intraday,EU-CRI-B200,,,2,insufficient_sources,
2026-09-27T22:13:18Z,intraday,EU-CRI-A100,,,2,insufficient_sources,
2026-09-27T22:13:18Z,intraday,EU-CRI-H100-PCIE,,,3,insufficient_sources,
2026-09-27T23:14:33Z,intraday,EU-CRI-H100,3.555,3.117601,8,,
2026-09-27T23:14:33Z,intraday,EU-CRI-H100-US,,,4,"insufficient_sources,indicative",
2026-09-27T23:14:33Z,intraday,EU-CRI-H100-GLOBAL,3.555,3.117601,9,indicative,
2026-09-27T23:14:33Z,intraday,EU-CRI-H100-SPOT,,,4,"insufficient_sources,indicative",
2026-09-27T23:14:33Z,intraday,EU-CRI-H100-SPOT-US,,,3,"insufficient_sources,indicative",
2026-09-27T23:14:33Z,intraday,EU-CRI-H100-SPOT-GLOBAL,2.4638,2.160659,6,"no_executable_input,indicative",
2026-09-27T23:14:33Z,intraday,EU-CRI-H100-MKT,,,2,insufficient_sources,
2026-09-27T23:14:33Z,intraday,EU-CRI-H100-NC,3.774279,3.3099,6,no_executable_input,
2026-09-27T23:14:33Z,intraday,EU-CRI-H100-HS,,,4,insufficient_sources,
2026-09-27T23:14:33Z,intraday,EU-CRI-H200,,,4,insufficient_sources,
2026-09-27T23:14:33Z,intraday,EU-CRI-B200,,,2,insufficient_sources,
2026-09-27T23:14:33Z,intraday,EU-CRI-A100,,,4,insufficient_sources,
2026-09-27T23:14:33Z,intraday,EU-CRI-H100-PCIE,,,3,insufficient_sources,
2026-09-28T00:45:43Z,intraday,EU-CRI-H100,3.49,3.060598,8,,
2026-09-28T00:45:43Z,intraday,EU-CRI-H100-US,,,4,"insufficient_sources,indicative",
2026-09-28T00:45:43Z,intraday,EU-CRI-H100-GLOBAL,3.49,3.060598,9,indicative,
2026-09-28T00:45:43Z,intraday,EU-CRI-H100-SPOT,,,4,"insufficient_sources,indicative",
2026-09-28T00:45:43Z,intraday,EU-CRI-H100-SPOT-US,,,3,"insufficient_sources,indicative",
2026-09-28T00:45:43Z,intraday,EU-CRI-H100-SPOT-GLOBAL,2.4638,2.160659,6,"no_executable_input,indicative",
2026-09-28T00:45:43Z,intraday,EU-CRI-H100-MKT,,,2,insufficient_sources,
2026-09-28T00:45:43Z,intraday,EU-CRI-H100-NC,3.774279,3.3099,6,no_executable_input,
2026-09-28T00:45:43Z,intraday,EU-CRI-H100-HS,,,4,insufficient_sources,
2026-09-28T00:45:43Z,intraday,EU-CRI-H200,,,4,insufficient_sources,
2026-09-28T00:45:43Z,intraday,EU-CRI-B200,,,2,insufficient_sources,
2026-09-28T00:45:43Z,intraday,EU-CRI-A100,,,3,insufficient_sources,
2026-09-28T00:45:43Z,intraday,EU-CRI-H100-PCIE,,,3,insufficient_sources,
2026-09-28T01:35:46Z,intraday,EU-CRI-H100,3.49,3.060598,8,,
2026-09-28T01:35:46Z,intraday,EU-CRI-H100-US,,,4,"insufficient_sources,indicative",
2026-09-28T01:35:46Z,intraday,EU-CRI-H100-GLOBAL,3.49,3.060598,9,indicative,
2026-09-28T01:35:46Z,intraday,EU-CRI-H100-SPOT,,,4,"insufficient_sources,indicative",
2026-09-28T01:35:46Z,intraday,EU-CRI-H100-SPOT-US,,,3,"insufficient_sources,indicative",
2026-09-28T01:35:46Z,intraday,EU-CRI-H100-SPOT-GLOBAL,2.4638,2.160659,6,"no_executable_input,indicative",
2026-09-28T01:35:46Z,intraday,EU-CRI-H100-MKT,,,2,insufficient_sources,
2026-09-28T01:35:46Z,intraday,EU-CRI-H100-NC,3.774279,3.3099,6,no_executable_input,
2026-09-28T01:35:46Z,intraday,EU-CRI-H100-HS,,,4,insufficient_sources,
2026-09-28T01:35:46Z,intraday,EU-CRI-H200,,,4,insufficient_sources,
2026-09-28T01:35:46Z,intraday,EU-CRI-B200,,,2,insufficient_sources,
2026-09-28T01:35:46Z,intraday,EU-CRI-A100,,,4,insufficient_sources,
2026-09-28T01:35:46Z,intraday,EU-CRI-H100-PCIE,,,3,insufficient_sources,
2026-09-28T02:29:20Z,intraday,EU-CRI-H100,3.49,3.060598,8,,
2026-09-28T02:29:20Z,intraday,EU-CRI-H100-US,,,4,"insufficient_sources,indicative",
2026-09-28T02:29:20Z,intraday,EU-CRI-H100-GLOBAL,3.49,3.060598,9,indicative,
2026-09-28T02:29:20Z,intraday,EU-CRI-H100-SPOT,,,4,"insufficient_sources,indicative",
2026-09-28T02:29:20Z,intraday,EU-CRI-H100-SPOT-US,,,3,"insufficient_sources,indicative",
2026-09-28T02:29:20Z,intraday,EU-CRI-H100-SPOT-GLOBAL,2.4638,2.160659,6,"no_executable_input,indicative",
2026-09-28T02:29:20Z,intraday,EU-CRI-H100-MKT,,,2,insufficient_sources,
2026-09-28T02:29:20Z,intraday,EU-CRI-H100-NC,3.774279,3.3099,6,no_executable_input,
2026-09-28T02:29:20Z,intraday,EU-CRI-H100-HS,,,4,insufficient_sources,
2026-09-28T02:29:20Z,intraday,EU-CRI-H200,,,4,insufficient_sources,
2026-09-28T02:29:20Z,intraday,EU-CRI-B200,,,2,insufficient_sources,
2026-09-28T02:29:20Z,intraday,EU-CRI-A100,,,4,insufficient_sources,
2026-09-28T02:29:20Z,intraday,EU-CRI-H100-PCIE,,,3,insufficient_sources,
2026-09-28T03:22:00Z,intraday,EU-CRI-H100,3.49,3.060598,8,,
2026-09-28T03:22:00Z,intraday,EU-CRI-H100-US,,,4,"insufficient_sources,indicative",
2026-09-28T03:22:00Z,intraday,EU-CRI-H100-GLOBAL,3.49,3.060598,9,indicative,
2026-09-28T03:22:00Z,intraday,EU-CRI-H100-SPOT,,,4,"insufficient_sources,indicative",
2026-09-28T03:22:00Z,intraday,EU-CRI-H100-SPOT-US,,,3,"insufficient_sources,indicative",
2026-09-28T03:22:00Z,intraday,EU-CRI-H100-SPOT-GLOBAL,2.4638,2.160659,6,"no_executable_input,indicative",
2026-09-28T03:22:00Z,intraday,EU-CRI-H100-MKT,,,2,insufficient_sources,
2026-09-28T03:22:00Z,intraday,EU-CRI-H100-NC,3.774279,3.3099,6,no_executable_input,
2026-09-28T03:22:00Z,intraday,EU-CRI-H100-HS,,,4,insufficient_sources,
2026-09-28T03:22:00Z,intraday,EU-CRI-H200,,,4,insufficient_sources,
2026-09-28T03:22:00Z,intraday,EU-CRI-B200,,,2,insufficient_sources,
2026-09-28T03:22:00Z,intraday,EU-CRI-A100,,,4,insufficient_sources,
2026-09-28T03:22:00Z,intraday,EU-CRI-H100-PCIE,,,3,insufficient_sources,
2026-09-28T04:19:56Z,intraday,EU-CRI-H100,3.49,3.060598,8,,
2026-09-28T04:19:56Z,intraday,EU-CRI-H100-US,,,4,"insufficient_sources,indicative",
2026-09-28T04:19:56Z,intraday,EU-CRI-H100-GLOBAL,3.49,3.060598,9,indicative,
2026-09-28T04:19:56Z,intraday,EU-CRI-H100-SPOT,,,4,"insufficient_sources,indicative",
2026-09-28T04:19:56Z,intraday,EU-CRI-H100-SPOT-US,,,3,"insufficient_sources,indicative",
2026-09-28T04:19:56Z,intraday,EU-CRI-H100-SPOT-GLOBAL,2.4638,2.160659,6,"no_executable_input,indicative",
2026-09-28T04:19:56Z,intraday,EU-CRI-H100-MKT,,,2,insufficient_sources,
2026-09-28T04:19:56Z,intraday,EU-CRI-H100-NC,3.774279,3.3099,6,no_executable_input,
2026-09-28T04:19:56Z,intraday,EU-CRI-H100-HS,,,4,insufficient_sources,
2026-09-28T04:19:56Z,intraday,EU-CRI-H200,,,4,insufficient_sources,
2026-09-28T04:19:56Z,intraday,EU-CRI-B200,,,2,insufficient_sources,
2026-09-28T04:19:56Z,intraday,EU-CRI-A100,,,3,insufficient_sources,
2026-09-28T04:19:56Z,intraday,EU-CRI-H100-PCIE,,,3,insufficient_sources,
2026-09-28T05:16:50Z,intraday,EU-CRI-H100,3.555,3.117601,8,,
2026-09-28T05:16:50Z,intraday,EU-CRI-H100-US,,,4,"insufficient_sources,indicative",
2026-09-28T05:16:50Z,intraday,EU-CRI-H100-GLOBAL,3.49,3.060598,9,indicative,
2026-09-28T05:16:50Z,intraday,EU-CRI-H100-SPOT,,,4,"insufficient_sources,indicative",
2026-09-28T05:16:50Z,intraday,EU-CRI-H100-SPOT-US,,,3,"insufficient_sources,indicative",
2026-09-28T05:16:50Z,intraday,EU-CRI-H100-SPOT-GLOBAL,2.4638,2.160659,6,"no_executable_input,indicative",
2026-09-28T05:16:50Z,intraday,EU-CRI-H100-MKT,,,2,insufficient_sources,
2026-09-28T05:16:50Z,intraday,EU-CRI-H100-NC,3.774279,3.3099,6,no_executable_input,
2026-09-28T05:16:50Z,intraday,EU-CRI-H100-HS,,,4,insufficient_sources,
2026-09-28T05:16:50Z,intraday,EU-CRI-H200,,,3,insufficient_sources,
2026-09-28T05:16:50Z,intraday,EU-CRI-B200,,,2,insufficient_sources,
2026-09-28T05:16:50Z,intraday,EU-CRI-A100,,,3,insufficient_sources,
2026-09-28T05:16:50Z,intraday,EU-CRI-H100-PCIE,,,2,insufficient_sources,
2026-09-28T06:36:15Z,intraday,EU-CRI-H100,3.49,3.060598,8,,
2026-09-28T06:36:15Z,intraday,EU-CRI-H100-US,,,4,"insufficient_sources,indicative",
2026-09-28T06:36:15Z,intraday,EU-CRI-H100-GLOBAL,3.49,3.060598,9,indicative,
2026-09-28T06:36:15Z,intraday,EU-CRI-H100-SPOT,,,4,"insufficient_sources,indicative",
2026-09-28T06:36:15Z,intraday,EU-CRI-H100-SPOT-US,,,3,"insufficient_sources,indicative",
2026-09-28T06:36:15Z,intraday,EU-CRI-H100-SPOT-GLOBAL,2.4638,2.160659,6,"no_executable_input,indicative",
2026-09-28T06:36:15Z,intraday,EU-CRI-H100-MKT,,,2,insufficient_sources,
2026-09-28T06:36:15Z,intraday,EU-CRI-H100-NC,3.774279,3.3099,6,no_executable_input,
2026-09-28T06:36:15Z,intraday,EU-CRI-H100-HS,,,4,insufficient_sources,
2026-09-28T06:36:15Z,intraday,EU-CRI-H200,,,4,insufficient_sources,
2026-09-28T06:36:15Z,intraday,EU-CRI-B200,,,2,insufficient_sources,
2026-09-28T06:36:15Z,intraday,EU-CRI-A100,,,3,insufficient_sources,
2026-09-28T06:36:15Z,intraday,EU-CRI-H100-PCIE,,,2,insufficient_sources,
2026-09-28T07:33:21Z,intraday,EU-CRI-H100,3.49,3.060598,8,,
2026-09-28T07:33:21Z,intraday,EU-CRI-H100-US,,,4,"insufficient_sources,indicative",
2026-09-28T07:33:21Z,intraday,EU-CRI-H100-GLOBAL,3.49,3.060598,9,indicative,
2026-09-28T07:33:21Z,intraday,EU-CRI-H100-SPOT,,,4,"insufficient_sources,indicative",
2026-09-28T07:33:21Z,intraday,EU-CRI-H100-SPOT-US,,,3,"insufficient_sources,indicative",
2026-09-28T07:33:21Z,intraday,EU-CRI-H100-SPOT-GLOBAL,2.4638,2.160659,6,"no_executable_input,indicative",
2026-09-28T07:33:21Z,intraday,EU-CRI-H100-MKT,,,2,insufficient_sources,
2026-09-28T07:33:21Z,intraday,EU-CRI-H100-NC,3.774279,3.3099,6,no_executable_input,
2026-09-28T07:33:21Z,intraday,EU-CRI-H100-HS,,,4,insufficient_sources,
2026-09-28T07:33:21Z,intraday,EU-CRI-H200,,,3,insufficient_sources,
2026-09-28T07:33:21Z,intraday,EU-CRI-B200,,,2,insufficient_sources,
2026-09-28T07:33:21Z,intraday,EU-CRI-A100,,,2,insufficient_sources,
2026-09-28T07:33:21Z,intraday,EU-CRI-H100-PCIE,,,2,insufficient_sources,
2026-09-28T08:27:41Z,intraday,EU-CRI-H100,3.555,3.117601,8,,
2026-09-28T08:27:41Z,intraday,EU-CRI-H100-US,,,4,"insufficient_sources,indicative",
2026-09-28T08:27:41Z,intraday,EU-CRI-H100-GLOBAL,3.49,3.060598,9,indicative,
2026-09-28T08:27:41Z,intraday,EU-CRI-H100-SPOT,,,4,"insufficient_sources,indicative",
2026-09-28T08:27:41Z,intraday,EU-CRI-H100-SPOT-US,,,3,"insufficient_sources,indicative",
2026-09-28T08:27:41Z,intraday,EU-CRI-H100-SPOT-GLOBAL,2.4638,2.160659,6,"no_executable_input,indicative",
2026-09-28T08:27:41Z,intraday,EU-CRI-H100-MKT,,,2,insufficient_sources,
2026-09-28T08:27:41Z,intraday,EU-CRI-H100-NC,3.774279,3.3099,6,no_executable_input,
2026-09-28T08:27:41Z,intraday,EU-CRI-H100-HS,,,4,insufficient_sources,
2026-09-28T08:27:41Z,intraday,EU-CRI-H200,,,3,insufficient_sources,
2026-09-28T08:27:41Z,intraday,EU-CRI-B200,,,2,insufficient_sources,
2026-09-28T08:27:41Z,intraday,EU-CRI-A100,,,3,insufficient_sources,
2026-09-28T08:27:41Z,intraday,EU-CRI-H100-PCIE,,,2,insufficient_sources,
2026-09-28T09:24:46Z,intraday,EU-CRI-H100,3.640693,3.19275,7,,
2026-09-28T09:24:46Z,intraday,EU-CRI-H100-US,,,4,"insufficient_sources,indicative",
2026-09-28T09:24:46Z,intraday,EU-CRI-H100-GLOBAL,3.555,3.117601,8,indicative,
2026-09-28T09:24:46Z,intraday,EU-CRI-H100-SPOT,,,4,"insufficient_sources,indicative",
2026-09-28T09:24:46Z,intraday,EU-CRI-H100-SPOT-US,,,3,"insufficient_sources,indicative",
2026-09-28T09:24:46Z,intraday,EU-CRI-H100-SPOT-GLOBAL,2.4638,2.160659,6,"no_executable_input,indicative",
2026-09-28T09:24:46Z,intraday,EU-CRI-H100-MKT,,,1,insufficient_sources,
2026-09-28T09:24:46Z,intraday,EU-CRI-H100-NC,3.774279,3.3099,6,no_executable_input,
2026-09-28T09:24:46Z,intraday,EU-CRI-H100-HS,,,4,insufficient_sources,
2026-09-28T09:24:46Z,intraday,EU-CRI-H200,,,3,insufficient_sources,
2026-09-28T09:24:46Z,intraday,EU-CRI-B200,,,2,insufficient_sources,
2026-09-28T09:24:46Z,intraday,EU-CRI-A100,,,3,insufficient_sources,
2026-09-28T09:24:46Z,intraday,EU-CRI-H100-PCIE,,,2,insufficient_sources,
2026-09-28T10:16:58Z,intraday,EU-CRI-H100,3.640693,3.19275,7,,
2026-09-28T10:16:58Z,intraday,EU-CRI-H100-US,,,4,"insufficient_sources,indicative",
2026-09-28T10:16:58Z,intraday,EU-CRI-H100-GLOBAL,3.555,3.117601,8,indicative,
2026-09-28T10:16:58Z,intraday,EU-CRI-H100-SPOT,,,4,"insufficient_sources,indicative",
2026-09-28T10:16:58Z,intraday,EU-CRI-H100-SPOT-US,,,3,"insufficient_sources,indicative",
2026-09-28T10:16:58Z,intraday,EU-CRI-H100-SPOT-GLOBAL,2.4638,2.160659,6,"no_executable_input,indicative",
2026-09-28T10:16:58Z,intraday,EU-CRI-H100-MKT,,,1,insufficient_sources,
2026-09-28T10:16:58Z,intraday,EU-CRI-H100-NC,3.774279,3.3099,6,no_executable_input,
2026-09-28T10:16:58Z,intraday,EU-CRI-H100-HS,,,4,insufficient_sources,
2026-09-28T10:16:58Z,intraday,EU-CRI-H200,,,3,insufficient_sources,
2026-09-28T10:16:58Z,intraday,EU-CRI-B200,,,2,insufficient_sources,
2026-09-28T10:16:58Z,intraday,EU-CRI-A100,,,3,insufficient_sources,
2026-09-28T10:16:58Z,intraday,EU-CRI-H100-PCIE,,,2,insufficient_sources,
2026-09-28T11:13:26Z,fixing,EU-CRI-H100,3.640693,3.19275,7,,
2026-09-28T11:13:26Z,fixing,EU-CRI-H100-US,,,4,"insufficient_sources,indicative",
2026-09-28T11:13:26Z,fixing,EU-CRI-H100-GLOBAL,3.555,3.117601,8,indicative,
2026-09-28T11:13:26Z,fixing,EU-CRI-H100-SPOT,,,4,"insufficient_sources,indicative",
2026-09-28T11:13:26Z,fixing,EU-CRI-H100-SPOT-US,,,3,"insufficient_sources,indicative",
2026-09-28T11:13:26Z,fixing,EU-CRI-H100-SPOT-GLOBAL,2.4638,2.160659,6,"no_executable_input,indicative",
2026-09-28T11:13:26Z,fixing,EU-CRI-H100-MKT,,,1,insufficient_sources,
2026-09-28T11:13:26Z,fixing,EU-CRI-H100-NC,3.774279,3.3099,6,no_executable_input,
2026-09-28T11:13:26Z,fixing,EU-CRI-H100-HS,,,4,insufficient_sources,
2026-09-28T11:13:26Z,fixing,EU-CRI-H200,,,3,insufficient_sources,
2026-09-28T11:13:26Z,fixing,EU-CRI-B200,,,2,insufficient_sources,
2026-09-28T11:13:26Z,fixing,EU-CRI-A100,,,3,insufficient_sources,
2026-09-28T11:13:26Z,fixing,EU-CRI-H100-PCIE,,,2,insufficient_sources,
2026-09-28T12:25:23Z,intraday,EU-CRI-H100,3.640693,3.19275,7,,
2026-09-28T12:25:23Z,intraday,EU-CRI-H100-US,,,4,"insufficient_sources,indicative",
2026-09-28T12:25:23Z,intraday,EU-CRI-H100-GLOBAL,3.555,3.117601,8,indicative,
2026-09-28T12:25:23Z,intraday,EU-CRI-H100-SPOT,,,4,"insufficient_sources,indicative",
2026-09-28T12:25:23Z,intraday,EU-CRI-H100-SPOT-US,,,3,"insufficient_sources,indicative",
2026-09-28T12:25:23Z,intraday,EU-CRI-H100-SPOT-GLOBAL,2.4638,2.160659,6,"no_executable_input,indicative",
2026-09-28T12:25:23Z,intraday,EU-CRI-H100-MKT,,,1,insufficient_sources,
2026-09-28T12:25:23Z,intraday,EU-CRI-H100-NC,3.774279,3.3099,6,no_executable_input,
2026-09-28T12:25:23Z,intraday,EU-CRI-H100-HS,,,4,insufficient_sources,
2026-09-28T12:25:23Z,intraday,EU-CRI-H200,,,3,insufficient_sources,
2026-09-28T12:25:23Z,intraday,EU-CRI-B200,,,2,insufficient_sources,
2026-09-28T12:25:23Z,intraday,EU-CRI-A100,,,2,insufficient_sources,
2026-09-28T12:25:23Z,intraday,EU-CRI-H100-PCIE,,,2,insufficient_sources,
2026-09-28T13:17:37Z,intraday,EU-CRI-H100,3.640693,3.19275,7,,
2026-09-28T13:17:37Z,intraday,EU-CRI-H100-US,,,4,"insufficient_sources,indicative",
2026-09-28T13:17:37Z,intraday,EU-CRI-H100-GLOBAL,3.555,3.117601,8,indicative,
2026-09-28T13:17:37Z,intraday,EU-CRI-H100-SPOT,,,4,"insufficient_sources,indicative",
2026-09-28T13:17:37Z,intraday,EU-CRI-H100-SPOT-US,,,3,"insufficient_sources,indicative",
2026-09-28T13:17:37Z,intraday,EU-CRI-H100-SPOT-GLOBAL,2.4638,2.160659,6,"no_executable_input,indicative",
2026-09-28T13:17:37Z,intraday,EU-CRI-H100-MKT,,,1,insufficient_sources,
2026-09-28T13:17:37Z,intraday,EU-CRI-H100-NC,3.774279,3.3099,6,no_executable_input,
2026-09-28T13:17:37Z,intraday,EU-CRI-H100-HS,,,4,insufficient_sources,
2026-09-28T13:17:37Z,intraday,EU-CRI-H200,,,3,insufficient_sources,
2026-09-28T13:17:37Z,intraday,EU-CRI-B200,,,2,insufficient_sources,
2026-09-28T13:17:37Z,intraday,EU-CRI-A100,,,2,insufficient_sources,
2026-09-28T13:17:37Z,intraday,EU-CRI-H100-PCIE,,,2,insufficient_sources,
2026-09-28T14:17:42Z,intraday,EU-CRI-H100,3.640693,3.19275,7,,
2026-09-28T14:17:42Z,intraday,EU-CRI-H100-US,,,4,"insufficient_sources,indicative",
2026-09-28T14:17:42Z,intraday,EU-CRI-H100-GLOBAL,3.555,3.117601,8,indicative,
2026-09-28T14:17:42Z,intraday,EU-CRI-H100-SPOT,,,4,"insufficient_sources,indicative",
2026-09-28T14:17:42Z,intraday,EU-CRI-H100-SPOT-US,,,3,"insufficient_sources,indicative",
2026-09-28T14:17:42Z,intraday,EU-CRI-H100-SPOT-GLOBAL,2.4638,2.160659,6,"no_executable_input,indicative",
2026-09-28T14:17:42Z,intraday,EU-CRI-H100-MKT,,,1,insufficient_sources,
2026-09-28T14:17:42Z,intraday,EU-CRI-H100-NC,3.774279,3.3099,6,no_executable_input,
2026-09-28T14:17:42Z,intraday,EU-CRI-H100-HS,,,4,insufficient_sources,
2026-09-28T14:17:42Z,intraday,EU-CRI-H200,,,3,insufficient_sources,
2026-09-28T14:17:42Z,intraday,EU-CRI-B200,,,2,insufficient_sources,
2026-09-28T14:17:42Z,intraday,EU-CRI-A100,,,2,insufficient_sources,
2026-09-28T14:17:42Z,intraday,EU-CRI-H100-PCIE,,,2,insufficient_sources,
2026-09-28T15:16:02Z,intraday,EU-CRI-H100,3.640693,3.19275,7,,
2026-09-28T15:16:02Z,intraday,EU-CRI-H100-US,,,3,"insufficient_sources,indicative",
2026-09-28T15:16:02Z,intraday,EU-CRI-H100-GLOBAL,3.555,3.117601,8,indicative,
2026-09-28T15:16:02Z,intraday,EU-CRI-H100-SPOT,,,4,"insufficient_sources,indicative",
2026-09-28T15:16:02Z,intraday,EU-CRI-H100-SPOT-US,,,3,"insufficient_sources,indicative",
2026-09-28T15:16:02Z,intraday,EU-CRI-H100-SPOT-GLOBAL,2.4638,2.160659,6,"no_executable_input,indicative",
2026-09-28T15:16:02Z,intraday,EU-CRI-H100-MKT,,,1,insufficient_sources,
2026-09-28T15:16:02Z,intraday,EU-CRI-H100-NC,3.774279,3.3099,6,no_executable_input,
2026-09-28T15:16:02Z,intraday,EU-CRI-H100-HS,,,4,insufficient_sources,
2026-09-28T15:16:02Z,intraday,EU-CRI-H200,,,3,insufficient_sources,
2026-09-28T15:16:02Z,intraday,EU-CRI-B200,,,2,insufficient_sources,
2026-09-28T15:16:02Z,intraday,EU-CRI-A100,,,3,insufficient_sources,
2026-09-28T15:16:02Z,intraday,EU-CRI-H100-PCIE,,,2,insufficient_sources,
2026-09-28T16:18:01Z,intraday,EU-CRI-H100,3.640693,3.19275,7,,
2026-09-28T16:18:01Z,intraday,EU-CRI-H100-US,,,4,"insufficient_sources,indicative",
2026-09-28T16:18:01Z,intraday,EU-CRI-H100-GLOBAL,3.555,3.117601,8,indicative,
2026-09-28T16:18:01Z,intraday,EU-CRI-H100-SPOT,,,4,"insufficient_sources,indicative",
2026-09-28T16:18:01Z,intraday,EU-CRI-H100-SPOT-US,,,3,"insufficient_sources,indicative",
2026-09-28T16:18:01Z,intraday,EU-CRI-H100-SPOT-GLOBAL,2.4638,2.160659,6,"no_executable_input,indicative",
2026-09-28T16:18:01Z,intraday,EU-CRI-H100-MKT,,,1,insufficient_sources,
2026-09-28T16:18:01Z,intraday,EU-CRI-H100-NC,3.774279,3.3099,6,no_executable_input,
2026-09-28T16:18:01Z,intraday,EU-CRI-H100-HS,,,4,insufficient_sources,
2026-09-28T16:18:01Z,intraday,EU-CRI-H200,,,3,insufficient_sources,
2026-09-28T16:18:01Z,intraday,EU-CRI-B200,,,2,insufficient_sources,
2026-09-28T16:18:01Z,intraday,EU-CRI-A100,,,3,insufficient_sources,
2026-09-28T16:18:01Z,intraday,EU-CRI-H100-PCIE,,,2,insufficient_sources,
2026-09-28T17:14:20Z,intraday,EU-CRI-H100,3.640693,3.19275,8,,
2026-09-28T17:14:20Z,intraday,EU-CRI-H100-US,,,4,"insufficient_sources,indicative",
2026-09-28T17:14:20Z,intraday,EU-CRI-H100-GLOBAL,3.574356,3.134575,9,indicative,
2026-09-28T17:14:20Z,intraday,EU-CRI-H100-SPOT,,,4,"insufficient_sources,indicative",
2026-09-28T17:14:20Z,intraday,EU-CRI-H100-SPOT-US,,,3,"insufficient_sources,indicative",
2026-09-28T17:14:20Z,intraday,EU-CRI-H100-SPOT-GLOBAL,2.4638,2.160659,6,"no_executable_input,indicative",
2026-09-28T17:14:20Z,intraday,EU-CRI-H100-MKT,,,2,insufficient_sources,
2026-09-28T17:14:20Z,intraday,EU-CRI-H100-NC,3.774279,3.3099,6,no_executable_input,
2026-09-28T17:14:20Z,intraday,EU-CRI-H100-HS,,,4,insufficient_sources,
2026-09-28T17:14:20Z,intraday,EU-CRI-H200,,,3,insufficient_sources,
2026-09-28T17:14:20Z,intraday,EU-CRI-B200,,,2,insufficient_sources,
2026-09-28T17:14:20Z,intraday,EU-CRI-A100,,,3,insufficient_sources,
2026-09-28T17:14:20Z,intraday,EU-CRI-H100-PCIE,,,3,insufficient_sources,
2026-09-28T18:19:59Z,intraday,EU-CRI-H100,3.640693,3.19275,7,,
2026-09-28T18:19:59Z,intraday,EU-CRI-H100-US,,,4,"insufficient_sources,indicative",
2026-09-28T18:19:59Z,intraday,EU-CRI-H100-GLOBAL,3.555,3.117601,8,indicative,
2026-09-28T18:19:59Z,intraday,EU-CRI-H100-SPOT,,,4,"insufficient_sources,indicative",
2026-09-28T18:19:59Z,intraday,EU-CRI-H100-SPOT-US,,,3,"insufficient_sources,indicative",
2026-09-28T18:19:59Z,intraday,EU-CRI-H100-SPOT-GLOBAL,2.4638,2.160659,6,"no_executable_input,indicative",
2026-09-28T18:19:59Z,intraday,EU-CRI-H100-MKT,,,1,insufficient_sources,
2026-09-28T18:19:59Z,intraday,EU-CRI-H100-NC,3.774279,3.3099,6,no_executable_input,
2026-09-28T18:19:59Z,intraday,EU-CRI-H100-HS,,,4,insufficient_sources,
2026-09-28T18:19:59Z,intraday,EU-CRI-H200,,,3,insufficient_sources,
2026-09-28T18:19:59Z,intraday,EU-CRI-B200,,,2,insufficient_sources,
2026-09-28T18:19:59Z,intraday,EU-CRI-A100,,,2,insufficient_sources,
2026-09-28T18:19:59Z,intraday,EU-CRI-H100-PCIE,,,2,insufficient_sources,
2026-09-28T19:12:58Z,intraday,EU-CRI-H100,3.640693,3.19275,7,,
2026-09-28T19:12:58Z,intraday,EU-CRI-H100-US,,,4,"insufficient_sources,indicative",
2026-09-28T19:12:58Z,intraday,EU-CRI-H100-GLOBAL,3.555,3.117601,8,indicative,
2026-09-28T19:12:58Z,intraday,EU-CRI-H100-SPOT,,,4,"insufficient_sources,indicative",
2026-09-28T19:12:58Z,intraday,EU-CRI-H100-SPOT-US,,,3,"insufficient_sources,indicative",
2026-09-28T19:12:58Z,intraday,EU-CRI-H100-SPOT-GLOBAL,2.4638,2.160659,6,"no_executable_input,indicative",
2026-09-28T19:12:58Z,intraday,EU-CRI-H100-MKT,,,1,insufficient_sources,
2026-09-28T19:12:58Z,intraday,EU-CRI-H100-NC,3.774279,3.3099,6,no_executable_input,
2026-09-28T19:12:58Z,intraday,EU-CRI-H100-HS,,,4,insufficient_sources,
2026-09-28T19:12:58Z,intraday,EU-CRI-H200,,,4,insufficient_sources,
2026-09-28T19:12:58Z,intraday,EU-CRI-B200,,,2,insufficient_sources,
2026-09-28T19:12:58Z,intraday,EU-CRI-A100,,,3,insufficient_sources,
2026-09-28T19:12:58Z,intraday,EU-CRI-H100-PCIE,,,3,insufficient_sources,
2026-09-28T20:14:54Z,intraday,EU-CRI-H100,3.640693,3.19275,7,,
2026-09-28T20:14:54Z,intraday,EU-CRI-H100-US,,,4,"insufficient_sources,indicative",
2026-09-28T20:14:54Z,intraday,EU-CRI-H100-GLOBAL,3.555,3.117601,8,indicative,
2026-09-28T20:14:54Z,intraday,EU-CRI-H100-SPOT,,,4,"insufficient_sources,indicative",
2026-09-28T20:14:54Z,intraday,EU-CRI-H100-SPOT-US,,,3,"insufficient_sources,indicative",
2026-09-28T20:14:54Z,intraday,EU-CRI-H100-SPOT-GLOBAL,2.4638,2.160659,6,"no_executable_input,indicative",
2026-09-28T20:14:54Z,intraday,EU-CRI-H100-MKT,,,1,insufficient_sources,
2026-09-28T20:14:54Z,intraday,EU-CRI-H100-NC,3.774279,3.3099,6,no_executable_input,
2026-09-28T20:14:54Z,intraday,EU-CRI-H100-HS,,,4,insufficient_sources,
2026-09-28T20:14:54Z,intraday,EU-CRI-H200,,,4,insufficient_sources,
2026-09-28T20:14:54Z,intraday,EU-CRI-B200,,,2,insufficient_sources,
2026-09-28T20:14:54Z,intraday,EU-CRI-A100,,,3,insufficient_sources,
2026-09-28T20:14:54Z,intraday,EU-CRI-H100-PCIE,,,3,insufficient_sources,
2026-09-28T21:13:51Z,intraday,EU-CRI-H100,3.49,3.060598,8,,
2026-09-28T21:13:51Z,intraday,EU-CRI-H100-US,,,4,"insufficient_sources,indicative",
2026-09-28T21:13:51Z,intraday,EU-CRI-H100-GLOBAL,3.49,3.060598,9,indicative,
2026-09-28T21:13:51Z,intraday,EU-CRI-H100-SPOT,,,4,"insufficient_sources,indicative",
2026-09-28T21:13:51Z,intraday,EU-CRI-H100-SPOT-US,,,3,"insufficient_sources,indicative",
2026-09-28T21:13:51Z,intraday,EU-CRI-H100-SPOT-GLOBAL,2.4638,2.160659,6,"no_executable_input,indicative",
2026-09-28T21:13:51Z,intraday,EU-CRI-H100-MKT,,,2,insufficient_sources,
2026-09-28T21:13:51Z,intraday,EU-CRI-H100-NC,3.774279,3.3099,6,no_executable_input,
2026-09-28T21:13:51Z,intraday,EU-CRI-H100-HS,,,4,insufficient_sources,
2026-09-28T21:13:51Z,intraday,EU-CRI-H200,,,4,insufficient_sources,
2026-09-28T21:13:51Z,intraday,EU-CRI-B200,,,2,insufficient_sources,
2026-09-28T21:13:51Z,intraday,EU-CRI-A100,,,3,insufficient_sources,
2026-09-28T21:13:51Z,intraday,EU-CRI-H100-PCIE,,,3,insufficient_sources,
2026-09-28T22:15:08Z,intraday,EU-CRI-H100,3.49,3.060598,8,,
2026-09-28T22:15:08Z,intraday,EU-CRI-H100-US,,,4,"insufficient_sources,indicative",
2026-09-28T22:15:08Z,intraday,EU-CRI-H100-GLOBAL,3.49,3.060598,9,indicative,
2026-09-28T22:15:08Z,intraday,EU-CRI-H100-SPOT,,,4,"insufficient_sources,indicative",
2026-09-28T22:15:08Z,intraday,EU-CRI-H100-SPOT-US,,,3,"insufficient_sources,indicative",
2026-09-28T22:15:08Z,intraday,EU-CRI-H100-SPOT-GLOBAL,2.4638,2.160659,6,"no_executable_input,indicative",
2026-09-28T22:15:08Z,intraday,EU-CRI-H100-MKT,,,2,insufficient_sources,
2026-09-28T22:15:08Z,intraday,EU-CRI-H100-NC,3.774279,3.3099,6,no_executable_input,
2026-09-28T22:15:08Z,intraday,EU-CRI-H100-HS,,,4,insufficient_sources,
2026-09-28T22:15:08Z,intraday,EU-CRI-H200,,,3,insufficient_sources,
2026-09-28T22:15:08Z,intraday,EU-CRI-B200,,,2,insufficient_sources,
2026-09-28T22:15:08Z,intraday,EU-CRI-A100,,,3,insufficient_sources,
2026-09-28T22:15:08Z,intraday,EU-CRI-H100-PCIE,,,2,insufficient_sources,
2026-09-28T23:14:25Z,intraday,EU-CRI-H100,3.49,3.060598,8,,
2026-09-28T23:14:25Z,intraday,EU-CRI-H100-US,,,4,"insufficient_sources,indicative",
2026-09-28T23:14:25Z,intraday,EU-CRI-H100-GLOBAL,3.49,3.060598,9,indicative,
2026-09-28T23:14:25Z,intraday,EU-CRI-H100-SPOT,,,4,"insufficient_sources,indicative",
2026-09-28T23:14:25Z,intraday,EU-CRI-H100-SPOT-US,,,3,"insufficient_sources,indicative",
2026-09-28T23:14:25Z,intraday,EU-CRI-H100-SPOT-GLOBAL,2.4638,2.160659,6,"no_executable_input,indicative",
2026-09-28T23:14:25Z,intraday,EU-CRI-H100-MKT,,,2,insufficient_sources,
2026-09-28T23:14:25Z,intraday,EU-CRI-H100-NC,3.774279,3.3099,6,no_executable_input,
2026-09-28T23:14:25Z,intraday,EU-CRI-H100-HS,,,4,insufficient_sources,
2026-09-28T23:14:25Z,intraday,EU-CRI-H200,,,3,insufficient_sources,
2026-09-28T23:14:25Z,intraday,EU-CRI-B200,,,2,insufficient_sources,
2026-09-28T23:14:25Z,intraday,EU-CRI-A100,,,3,insufficient_sources,
2026-09-28T23:14:25Z,intraday,EU-CRI-H100-PCIE,,,2,insufficient_sources,
2026-09-29T00:42:22Z,intraday,EU-CRI-H100,3.49,3.060598,8,,
2026-09-29T00:42:22Z,intraday,EU-CRI-H100-US,,,4,"insufficient_sources,indicative",
2026-09-29T00:42:22Z,intraday,EU-CRI-H100-GLOBAL,3.49,3.060598,9,indicative,
2026-09-29T00:42:22Z,intraday,EU-CRI-H100-SPOT,,,4,"insufficient_sources,indicative",
2026-09-29T00:42:22Z,intraday,EU-CRI-H100-SPOT-US,,,3,"insufficient_sources,indicative",
2026-09-29T00:42:22Z,intraday,EU-CRI-H100-SPOT-GLOBAL,2.4638,2.160659,6,"no_executable_input,indicative",
2026-09-29T00:42:22Z,intraday,EU-CRI-H100-MKT,,,2,insufficient_sources,
2026-09-29T00:42:22Z,intraday,EU-CRI-H100-NC,3.774279,3.3099,6,no_executable_input,
2026-09-29T00:42:22Z,intraday,EU-CRI-H100-HS,,,4,insufficient_sources,
2026-09-29T00:42:22Z,intraday,EU-CRI-H200,,,3,insufficient_sources,
2026-09-29T00:42:22Z,intraday,EU-CRI-B200,,,2,insufficient_sources,
2026-09-29T00:42:22Z,intraday,EU-CRI-A100,,,3,insufficient_sources,
2026-09-29T00:42:22Z,intraday,EU-CRI-H100-PCIE,,,2,insufficient_sources,
2026-09-29T01:29:54Z,intraday,EU-CRI-H100,3.555,3.117601,8,,
2026-09-29T01:29:54Z,intraday,EU-CRI-H100-US,,,4,"insufficient_sources,indicative",
2026-09-29T01:29:54Z,intraday,EU-CRI-H100-GLOBAL,3.555,3.117601,9,indicative,
2026-09-29T01:29:54Z,intraday,EU-CRI-H100-SPOT,,,4,"insufficient_sources,indicative",
2026-09-29T01:29:54Z,intraday,EU-CRI-H100-SPOT-US,,,3,"insufficient_sources,indicative",
2026-09-29T01:29:54Z,intraday,EU-CRI-H100-SPOT-GLOBAL,2.4638,2.160659,6,"no_executable_input,indicative",
2026-09-29T01:29:54Z,intraday,EU-CRI-H100-MKT,,,2,insufficient_sources,
2026-09-29T01:29:54Z,intraday,EU-CRI-H100-NC,3.774279,3.3099,6,no_executable_input,
2026-09-29T01:29:54Z,intraday,EU-CRI-H100-HS,,,4,insufficient_sources,
2026-09-29T01:29:54Z,intraday,EU-CRI-H200,,,3,insufficient_sources,
2026-09-29T01:29:54Z,intraday,EU-CRI-B200,,,2,insufficient_sources,
2026-09-29T01:29:54Z,intraday,EU-CRI-A100,,,3,insufficient_sources,
2026-09-29T01:29:54Z,intraday,EU-CRI-H100-PCIE,,,3,insufficient_sources,
2026-09-29T02:22:27Z,intraday,EU-CRI-H100,3.49,3.060598,8,,
2026-09-29T02:22:27Z,intraday,EU-CRI-H100-US,,,4,"insufficient_sources,indicative",
2026-09-29T02:22:27Z,intraday,EU-CRI-H100-GLOBAL,3.49,3.060598,9,indicative,
2026-09-29T02:22:27Z,intraday,EU-CRI-H100-SPOT,,,4,"insufficient_sources,indicative",
2026-09-29T02:22:27Z,intraday,EU-CRI-H100-SPOT-US,,,3,"insufficient_sources,indicative",
2026-09-29T02:22:27Z,intraday,EU-CRI-H100-SPOT-GLOBAL,2.4638,2.160659,6,"no_executable_input,indicative",
2026-09-29T02:22:27Z,intraday,EU-CRI-H100-MKT,,,2,insufficient_sources,
2026-09-29T02:22:27Z,intraday,EU-CRI-H100-NC,3.774279,3.3099,6,no_executable_input,
2026-09-29T02:22:27Z,intraday,EU-CRI-H100-HS,,,4,insufficient_sources,
2026-09-29T02:22:27Z,intraday,EU-CRI-H200,,,4,insufficient_sources,
2026-09-29T02:22:27Z,intraday,EU-CRI-B200,,,2,insufficient_sources,
2026-09-29T02:22:27Z,intraday,EU-CRI-A100,,,3,insufficient_sources,
2026-09-29T02:22:27Z,intraday,EU-CRI-H100-PCIE,,,2,insufficient_sources,
2026-09-29T03:18:43Z,intraday,EU-CRI-H100,3.749022,3.287751,8,,
2026-09-29T03:18:43Z,intraday,EU-CRI-H100-US,,,4,"insufficient_sources,indicative",
2026-09-29T03:18:43Z,intraday,EU-CRI-H100-GLOBAL,3.640693,3.19275,9,indicative,
2026-09-29T03:18:43Z,intraday,EU-CRI-H100-SPOT,,,4,"insufficient_sources,indicative",
2026-09-29T03:18:43Z,intraday,EU-CRI-H100-SPOT-US,,,3,"insufficient_sources,indicative",
2026-09-29T03:18:43Z,intraday,EU-CRI-H100-SPOT-GLOBAL,2.4638,2.160659,6,"no_executable_input,indicative",
2026-09-29T03:18:43Z,intraday,EU-CRI-H100-MKT,,,2,insufficient_sources,
2026-09-29T03:18:43Z,intraday,EU-CRI-H100-NC,3.774279,3.3099,6,no_executable_input,
2026-09-29T03:18:43Z,intraday,EU-CRI-H100-HS,,,4,insufficient_sources,
2026-09-29T03:18:43Z,intraday,EU-CRI-H200,,,3,insufficient_sources,
2026-09-29T03:18:43Z,intraday,EU-CRI-B200,,,2,insufficient_sources,
2026-09-29T03:18:43Z,intraday,EU-CRI-A100,,,3,insufficient_sources,
2026-09-29T03:18:43Z,intraday,EU-CRI-H100-PCIE,,,2,insufficient_sources,
2026-09-29T04:18:26Z,intraday,EU-CRI-H100,3.549111,3.112436,8,,
2026-09-29T04:18:26Z,intraday,EU-CRI-H100-US,,,4,"insufficient_sources,indicative",
2026-09-29T04:18:26Z,intraday,EU-CRI-H100-GLOBAL,3.549111,3.112436,9,indicative,
2026-09-29T04:18:26Z,intraday,EU-CRI-H100-SPOT,,,4,"insufficient_sources,indicative",
2026-09-29T04:18:26Z,intraday,EU-CRI-H100-SPOT-US,,,3,"insufficient_sources,indicative",
2026-09-29T04:18:26Z,intraday,EU-CRI-H100-SPOT-GLOBAL,2.4638,2.160659,6,"no_executable_input,indicative",
2026-09-29T04:18:26Z,intraday,EU-CRI-H100-MKT,,,2,insufficient_sources,
2026-09-29T04:18:26Z,intraday,EU-CRI-H100-NC,3.774279,3.3099,6,no_executable_input,
2026-09-29T04:18:26Z,intraday,EU-CRI-H100-HS,,,4,insufficient_sources,
2026-09-29T04:18:26Z,intraday,EU-CRI-H200,,,3,insufficient_sources,
2026-09-29T04:18:26Z,intraday,EU-CRI-B200,,,2,insufficient_sources,
2026-09-29T04:18:26Z,intraday,EU-CRI-A100,,,3,insufficient_sources,
2026-09-29T04:18:26Z,intraday,EU-CRI-H100-PCIE,,,2,insufficient_sources,
2026-09-29T05:16:13Z,intraday,EU-CRI-H100,3.49,3.060598,8,,
2026-09-29T05:16:13Z,intraday,EU-CRI-H100-US,,,4,"insufficient_sources,indicative",
2026-09-29T05:16:13Z,intraday,EU-CRI-H100-GLOBAL,3.49,3.060598,9,indicative,
2026-09-29T05:16:13Z,intraday,EU-CRI-H100-SPOT,,,4,"insufficient_sources,indicative",
2026-09-29T05:16:13Z,intraday,EU-CRI-H100-SPOT-US,,,3,"insufficient_sources,indicative",
2026-09-29T05:16:13Z,intraday,EU-CRI-H100-SPOT-GLOBAL,2.4638,2.160659,6,"no_executable_input,indicative",
2026-09-29T05:16:13Z,intraday,EU-CRI-H100-MKT,,,2,insufficient_sources,
2026-09-29T05:16:13Z,intraday,EU-CRI-H100-NC,3.774279,3.3099,6,no_executable_input,
2026-09-29T05:16:13Z,intraday,EU-CRI-H100-HS,,,4,insufficient_sources,
2026-09-29T05:16:13Z,intraday,EU-CRI-H200,,,4,insufficient_sources,
2026-09-29T05:16:13Z,intraday,EU-CRI-B200,,,2,insufficient_sources,
2026-09-29T05:16:13Z,intraday,EU-CRI-A100,,,3,insufficient_sources,
2026-09-29T05:16:13Z,intraday,EU-CRI-H100-PCIE,,,2,insufficient_sources,
2026-09-29T06:26:51Z,intraday,EU-CRI-H100,3.49,3.060598,8,,
2026-09-29T06:26:51Z,intraday,EU-CRI-H100-US,,,4,"insufficient_sources,indicative",
2026-09-29T06:26:51Z,intraday,EU-CRI-H100-GLOBAL,3.49,3.060598,9,indicative,
2026-09-29T06:26:51Z,intraday,EU-CRI-H100-SPOT,,,4,"insufficient_sources,indicative",
2026-09-29T06:26:51Z,intraday,EU-CRI-H100-SPOT-US,,,3,"insufficient_sources,indicative",
2026-09-29T06:26:51Z,intraday,EU-CRI-H100-SPOT-GLOBAL,2.4638,2.160659,6,"no_executable_input,indicative",
2026-09-29T06:26:51Z,intraday,EU-CRI-H100-MKT,,,2,insufficient_sources,
2026-09-29T06:26:51Z,intraday,EU-CRI-H100-NC,3.774279,3.3099,6,no_executable_input,
2026-09-29T06:26:51Z,intraday,EU-CRI-H100-HS,,,4,insufficient_sources,
2026-09-29T06:26:51Z,intraday,EU-CRI-H200,,,3,insufficient_sources,
2026-09-29T06:26:51Z,intraday,EU-CRI-B200,,,2,insufficient_sources,
2026-09-29T06:26:51Z,intraday,EU-CRI-A100,,,3,insufficient_sources,
2026-09-29T06:26:51Z,intraday,EU-CRI-H100-PCIE,,,2,insufficient_sources,
2026-09-29T07:22:36Z,intraday,EU-CRI-H100,3.49,3.060598,8,,
2026-09-29T07:22:36Z,intraday,EU-CRI-H100-US,,,4,"insufficient_sources,indicative",
2026-09-29T07:22:36Z,intraday,EU-CRI-H100-GLOBAL,3.49,3.060598,9,indicative,
2026-09-29T07:22:36Z,intraday,EU-CRI-H100-SPOT,,,4,"insufficient_sources,indicative",
2026-09-29T07:22:36Z,intraday,EU-CRI-H100-SPOT-US,,,3,"insufficient_sources,indicative",
2026-09-29T07:22:36Z,intraday,EU-CRI-H100-SPOT-GLOBAL,2.4638,2.160659,6,"no_executable_input,indicative",
2026-09-29T07:22:36Z,intraday,EU-CRI-H100-MKT,,,2,insufficient_sources,
2026-09-29T07:22:36Z,intraday,EU-CRI-H100-NC,3.774279,3.3099,6,no_executable_input,
2026-09-29T07:22:36Z,intraday,EU-CRI-H100-HS,,,4,insufficient_sources,
2026-09-29T07:22:36Z,intraday,EU-CRI-H200,,,3,insufficient_sources,
2026-09-29T07:22:36Z,intraday,EU-CRI-B200,,,2,insufficient_sources,
2026-09-29T07:22:36Z,intraday,EU-CRI-A100,,,3,insufficient_sources,
2026-09-29T07:22:36Z,intraday,EU-CRI-H100-PCIE,,,3,insufficient_sources,
2026-09-29T08:21:25Z,intraday,EU-CRI-H100,3.49,3.060598,8,,
2026-09-29T08:21:25Z,intraday,EU-CRI-H100-US,,,4,"insufficient_sources,indicative",
2026-09-29T08:21:25Z,intraday,EU-CRI-H100-GLOBAL,3.49,3.060598,9,indicative,
2026-09-29T08:21:25Z,intraday,EU-CRI-H100-SPOT,,,4,"insufficient_sources,indicative",
2026-09-29T08:21:25Z,intraday,EU-CRI-H100-SPOT-US,,,3,"insufficient_sources,indicative",
2026-09-29T08:21:25Z,intraday,EU-CRI-H100-SPOT-GLOBAL,2.4638,2.160659,6,"no_executable_input,indicative",
2026-09-29T08:21:25Z,intraday,EU-CRI-H100-MKT,,,2,insufficient_sources,
2026-09-29T08:21:25Z,intraday,EU-CRI-H100-NC,3.774279,3.3099,6,no_executable_input,
2026-09-29T08:21:25Z,intraday,EU-CRI-H100-HS,,,4,insufficient_sources,
2026-09-29T08:21:25Z,intraday,EU-CRI-H200,,,3,insufficient_sources,
2026-09-29T08:21:25Z,intraday,EU-CRI-B200,,,2,insufficient_sources,
2026-09-29T08:21:25Z,intraday,EU-CRI-A100,,,3,insufficient_sources,
2026-09-29T08:21:25Z,intraday,EU-CRI-H100-PCIE,,,3,insufficient_sources,
